elvish,english
aha,rage
aha,RAGE
aha,Rage
ahtar-,to do back
ahtar-,TO DO BACK
ahtar-,To do back
ahtar-,react; to requite
ahtar-,REACT; TO REQUITE
ahtar-,React; to requite
ahtar-,avenge
ahtar-,AVENGE
ahtar-,Avenge
accar-,to do back
accar-,TO DO BACK
accar-,To do back
accar-,react; to requite
accar-,REACT; TO REQUITE
accar-,React; to requite
accar-,avenge
accar-,AVENGE
accar-,Avenge
ahto,wright
ahto,WRIGHT
ahto,Wright
ahto,maker
ahto,MAKER
ahto,Maker
ahya-,to change
ahya-,TO CHANGE
ahya-,To change
ai²,supposing
ai²,SUPPOSING
ai²,Supposing
ai²,suppose
ai²,SUPPOSE
ai²,Suppose
ai²,maybe
ai²,MAYBE
ai²,Maybe
aian,holy thing
aian,HOLY THING
aian,Holy thing
aian,object
aian,OBJECT
aian,Object
aian,place
aian,PLACE
aian,Place
aica,fell
aica,FELL
aica,Fell
aica,terrible
aica,TERRIBLE
aica,Terrible
aica,dire
aica,DIRE
aica,Dire
ailin,a large lake
ailin,A LARGE LAKE
ailin,A large lake
aina,holy
aina,HOLY
aina,Holy
aina,revered
aina,REVERED
aina,Revered
aina,numinous
aina,NUMINOUS
aina,Numinous
aina-,to hallow
aina-,TO HALLOW
aina-,To hallow
aina-,bless
aina-,BLESS
aina-,Bless
aina-,treat as holy
aina-,TREAT AS HOLY
aina-,Treat as holy
ainas,hallow
ainas,HALLOW
ainas,Hallow
ainas,fane
ainas,FANE
ainas,Fane
ainima,blessed
ainima,BLESSED
ainima,Blessed
ainima,holy (of things)
ainima,HOLY (OF THINGS)
ainima,Holy (of things)
Ainu,holy one
Ainu,HOLY ONE
Ainu,Holy one
Ainu,spirit
Ainu,SPIRIT
Ainu,Spirit
aira,holy
aira,HOLY
aira,Holy
aira,sanctified
aira,SANCTIFIED
aira,Sanctified
airë²,sea
airë²,SEA
airë²,Sea
airëa,holy (applied to persons)
airëa,HOLY (APPLIED TO PERSONS)
airëa,Holy (applied to persons)
airita-,to hallow
airita-,TO HALLOW
airita-,To hallow
airon,ocean
airon,OCEAN
airon,Ocean
aista,*holy
aista,*HOLY
aistana,*blessed
aistana,*BLESSED
manna,*blessed
manna,*BLESSED
aiwë,(small) bird
aiwë,(SMALL) BIRD
ala-¹,to plant
ala-¹,TO PLANT
ala-¹,To plant
ala-¹,grow
ala-¹,GROW
ala-¹,Grow
ala-²,to deny; *to not be
ala-²,TO DENY; *TO NOT BE
ala-²,To deny; *to not be
alacarna,well-done
alacarna,WELL-DONE
alacarna,Well-done
alacarna,well-made
alacarna,WELL-MADE
alacarna,Well-made
alahasta,unmarred
alahasta,UNMARRED
alahasta,Unmarred
úχarin,unmarred
úχarin,UNMARRED
úχarin,Unmarred
úharin,unmarred
úharin,UNMARRED
úharin,Unmarred
alahen,eyeless
alahen,EYELESS
alahen,Eyeless
alalmë,inflorescence
alalmë,INFLORESCENCE
alalmë,Inflorescence
alalbë,inflorescence
alalbë,INFLORESCENCE
alalbë,Inflorescence
alalvëa,having many elms
alalvëa,HAVING MANY ELMS
alalvëa,Having many elms
alamen,good omen on departure
alamen,GOOD OMEN ON DEPARTURE
alamen,Good omen on departure
alanessë,nicotiana
alanessë,NICOTIANA
alanessë,Nicotiana
alanessë,pipeweed
alanessë,PIPEWEED
alanessë,Pipeweed
alenessë,nicotiana
alenessë,NICOTIANA
alenessë,Nicotiana
alenessë,pipeweed
alenessë,PIPEWEED
alenessë,Pipeweed
alaquenta,well (happily) said
alaquenta,WELL (HAPPILY) SAID
alaquenta,Well (happily) said
alasaila,unwise
alasaila,UNWISE
alasaila,Unwise
alassë,happiness
alassë,HAPPINESS
alassë,Happiness
alca-,to glitter
alca-,TO GLITTER
alca-,To glitter
alcar,glory
alcar,GLORY
alcar,Glory
alcar,splendour
alcar,SPLENDOUR
alcar,Splendour
alcar,radiance
alcar,RADIANCE
alcar,Radiance
alcar,brilliance
alcar,BRILLIANCE
alcar,Brilliance
alcarin(qua),glorious
alcarin(qua),GLORIOUS
alcarin(qua),Glorious
alcarin(qua),brilliant
alcarin(qua),BRILLIANT
alcarin(qua),Brilliant
alda,tree
alda,TREE
alda,Tree
aldarembina,tree-meshed
aldarembina,TREE-MESHED
aldarembina,Tree-meshed
Aldëa,*Tuesday
Aldëa,*tuesday
Aldëa,*TUESDAY
Aldëa,*tuesday
Aldëa,Tree-day (Númenórean)
Aldëa,tree-day (númenórean)
Aldëa,TREE-DAY (NÚMENÓREAN)
Aldëa,Tree-day (númenórean)
aldinga,tree-top
aldinga,TREE-TOP
aldinga,Tree-top
Aldúya,*Tuesday
Aldúya,*tuesday
Aldúya,*TUESDAY
Aldúya,*tuesday
Aldúya,Day of the Two Trees
Aldúya,day of the two trees
Aldúya,DAY OF THE TWO TREES
Aldúya,Day of the two trees
Aldauya,*Tuesday
Aldauya,*tuesday
Aldauya,*TUESDAY
Aldauya,*tuesday
Aldauya,Day of the Two Trees
Aldauya,day of the two trees
Aldauya,DAY OF THE TWO TREES
Aldauya,Day of the two trees
aleldarin,unelvish
aleldarin,UNELVISH
aleldarin,Unelvish
aleldarinwa,unElvish
aleldarinwa,unelvish
aleldarinwa,UNELVISH
aleldarinwa,Unelvish
alima,fair
alima,FAIR
alima,Fair
alima,good
alima,GOOD
alima,Good
allumë,never
allumë,NEVER
allumë,Never
alma,flower
alma,FLOWER
alma,Flower
alba,flower
alba,FLOWER
alba,Flower
almë,good (or blessed) thing
almë,GOOD (OR BLESSED) THING
almë,Good (or blessed) thing
almë,blessing
almë,BLESSING
almë,Blessing
almë,piece of good fortune
almë,PIECE OF GOOD FORTUNE
almë,Piece of good fortune
alqua,swan
alqua,SWAN
alqua,Swan
alvë,elm
alvë,ELM
alvë,Elm
albë,elm
albë,ELM
albë,Elm
alya,fair
alya,FAIR
alya,Fair
alya,good
alya,GOOD
alya,Good
alya-,to cause to prosper
alya-,TO CAUSE TO PROSPER
alya-,To cause to prosper
alya-,bless (a work)
alya-,BLESS (A WORK)
alya-,Bless (a work)
alya-,help one
alya-,HELP ONE
alya-,Help one
amaltil,*mother finger
amaltil,*MOTHER FINGER
amanya,*blessed
amanya,*BLESSED
amaurë,dawn
amaurë,DAWN
amaurë,Dawn
amaurë,early day
amaurë,EARLY DAY
amaurë,Early day
amaurë,morning
amaurë,MORNING
amaurë,Morning
amaurëa,dawn
amaurëa,DAWN
amaurëa,Dawn
amaurëa,early day
amaurëa,EARLY DAY
amaurëa,Early day
amaurëa,morning
amaurëa,MORNING
amaurëa,Morning
amba¹,up(wards)
amba¹,UP(WARDS)
amba¹,Up(wards)
ambalotsë,uprising-flower
ambalotsë,UPRISING-FLOWER
ambalotsë,Uprising-flower
Ambar,The World
Ambar,the world
Ambar,THE WORLD
Ambar,The world
Ambar,Earth
Ambar,earth
Ambar,EARTH
Ambar,(lit.) Habitation
Ambar,(lit.) habitation
Ambar,(LIT.) HABITATION
Ambar,(lit.) habitation
Ambar,Settlement
Ambar,settlement
Ambar,SETTLEMENT
Imbar,Habitation
Imbar,habitation
Imbar,HABITATION
ambarónë,dawn
ambarónë,DAWN
ambarónë,Dawn
ambë,more
ambë,MORE
ambë,More
ambela,further still beyond
ambela,FURTHER STILL BEYOND
ambela,Further still beyond
ambela,far away beyond
ambela,FAR AWAY BEYOND
ambela,Far away beyond
am(be)na,nearer to
am(be)na,NEARER TO
am(be)na,Nearer to
amna,nearer to
amna,NEARER TO
amna,Nearer to
ambo,hill
ambo,HILL
ambo,Hill
ambo,rising ground
ambo,RISING GROUND
ambo,Rising ground
ambo,mount
ambo,MOUNT
ambo,Mount
ambona,hill
ambona,HILL
ambona,Hill
ambuna,hilly
ambuna,HILLY
ambuna,Hilly
amilessë,mother-name
amilessë,MOTHER-NAME
amilessë,Mother-name
amil(lë),mother
amil(lë),MOTHER
amil(lë),Mother
emil,mother
emil,MOTHER
emil,Mother
emmë²,mummy
emmë²,MUMMY
emmë²,Mummy
emmë²,mother (familiar/family)
emmë²,MOTHER (FAMILIAR/FAMILY)
emmë²,Mother (familiar/family)
amorta-,to heave
amorta-,TO HEAVE
amorta-,To heave
ampa,hook
ampa,HOOK
ampa,Hook
empollië,*retrying
empollië,*RETRYING
empollië,redoing
empollië,REDOING
empollië,Redoing
empollië,another attempt
empollië,ANOTHER ATTEMPT
empollië,Another attempt
amya,mummy
amya,MUMMY
amya,Mummy
amya,(orig.) my mother
amya,(ORIG.) MY MOTHER
am(il)ye,*mummy
am(il)ye,*MUMMY
emya,mummy
emya,MUMMY
emya,Mummy
emya,(orig.) my mother
emya,(ORIG.) MY MOTHER
(a)nacca,narrows
(a)nacca,NARROWS
(a)nacca,Narrows
(a)nacca,defile
(a)nacca,DEFILE
(a)nacca,Defile
(a)nacca,pass
(a)nacca,PASS
(a)nacca,Pass
(a)nacca,cut
(a)nacca,CUT
(a)nacca,Cut
nacca,narrows
nacca,NARROWS
nacca,Narrows
nacca,defile
nacca,DEFILE
nacca,Defile
nacca,pass
nacca,PASS
nacca,Pass
nacca,cut
nacca,CUT
nacca,Cut
Anar,Sun
Anar,sun
Anar,SUN
Anarya,Sunday
Anarya,sunday
Anarya,SUNDAY
Anarya,(lit.) Sun-day
Anarya,(lit.) sun-day
Anarya,(LIT.) SUN-DAY
Anarya,(lit.) sun-day
anastorna,*extremely hard
anastorna,*EXTREMELY HARD
anca,jaws
anca,JAWS
anca,Jaws
ancárima,easy
ancárima,EASY
ancárima,Easy
ancárima,(lit.) very doable
ancárima,(LIT.) VERY DOABLE
anda,long
anda,LONG
anda,Long
anda,far
anda,FAR
anda,Far
andamacil,long sword
andamacil,LONG SWORD
andamacil,Long sword
andanéya,long ago
andanéya,LONG AGO
andanéya,Long ago
andanéya,once upon a time
andanéya,ONCE UPON A TIME
andanéya,Once upon a time
andatehta,long-mark
andatehta,LONG-MARK
andatehta,Long-mark
andavanwa,long-passed; long-departed
andavanwa,LONG-PASSED; LONG-DEPARTED
andavanwa,Long-passed; long-departed
andavë,long
andavë,LONG
andavë,Long
andavë,at great length
andavë,AT GREAT LENGTH
andavë,At great length
ando,gate
ando,GATE
ando,Gate
ando,[great] door; †entrances
ando,[GREAT] DOOR; †ENTRANCES
ando,approaches
ando,APPROACHES
ando,Approaches
andúna,western
andúna,WESTERN
andúna,Western
andúnë,sunset
andúnë,SUNSET
andúnë,Sunset
andúnë,evening
andúnë,EVENING
andúnë,Evening
andúnë,(orig.) going down; west
andúnë,(ORIG.) GOING DOWN; WEST
anel,daughter
anel,DAUGHTER
anel,Daughter
anessë,given (or added) name
anessë,GIVEN (OR ADDED) NAME
anessë,Given (or added) name
anessë,nickname
anessë,NICKNAME
anessë,Nickname
anessë,surname
anessë,SURNAME
anessë,Surname
anga,iron
anga,IRON
anga,Iron
angal,mirror
angal,MIRROR
angal,Mirror
anna,gift
anna,GIFT
anna,Gift
anna,(orig.) thing handed
anna,(ORIG.) THING HANDED
anna,brought
anna,BROUGHT
anna,Brought
anna,sent to a person
anna,SENT TO A PERSON
anna,Sent to a person
anwa,gift
anwa,GIFT
anwa,Gift
anon,son
anon,SON
anon,Son
anta,jaw
anta,JAW
anta,Jaw
anta-,to give
anta-,TO GIVE
anta-,To give
anta-,present; †to add to
anta-,PRESENT; †TO ADD TO
anta-,Present; †to add to
antil,*middle finger
antil,*MIDDLE FINGER
anto,mouth
anto,MOUTH
anto,Mouth
antorya-,to strengthen [of sound]
antorya-,TO STRENGTHEN [OF SOUND]
antorya-,To strengthen [of sound]
antoryamë,strengthening
antoryamë,STRENGTHENING
antoryamë,Strengthening
anya-,to reach
anya-,TO REACH
anya-,To reach
anya-,arrive at
anya-,ARRIVE AT
anya-,Arrive at
anya-,go to
anya-,GO TO
anya-,Go to
ten-,to arrive
ten-,TO ARRIVE
ten-,To arrive
ten-,come to
ten-,COME TO
ten-,Come to
tenya-,to arrive
tenya-,TO ARRIVE
tenya-,To arrive
tenya-,end (not at speaker’s[?] place)
tenya-,END (NOT AT SPEAKER’S[?] PLACE)
tenya-,End (not at speaker’s[?] place)
ap-,to touch one
ap-,TO TOUCH ONE
ap-,To touch one
ap-,concern
ap-,CONCERN
ap-,Concern
ap-,affect
ap-,AFFECT
ap-,Affect
apacen,foresight
apacen,FORESIGHT
apacen,Foresight
apacen,*(lit.) after-sight
apacen,*(LIT.) AFTER-SIGHT
apacenya,of foresight
apacenya,OF FORESIGHT
apacenya,Of foresight
(apa)ruivë,wild fire
(apa)ruivë,WILD FIRE
(apa)ruivë,Wild fire
(apa)ruivë,fire as conflagration
(apa)ruivë,FIRE AS CONFLAGRATION
(apa)ruivë,Fire as conflagration
ruivë,wild fire
ruivë,WILD FIRE
ruivë,Wild fire
appa-,to touch
appa-,TO TOUCH
appa-,To touch
apsen-,to remit
apsen-,TO REMIT
apsen-,To remit
apsen-,release
apsen-,RELEASE
apsen-,Release
apsen-,forgive
apsen-,FORGIVE
apsen-,Forgive
apta-,to refuse
apta-,TO REFUSE
apta-,To refuse
apta-,deny
apta-,DENY
apta-,Deny
apta-,say nay
apta-,SAY NAY
apta-,Say nay
aqua,fully
aqua,FULLY
aqua,Fully
aqua,completely
aqua,COMPLETELY
aqua,Completely
aqua,altogether
aqua,ALTOGETHER
aqua,Altogether
aqua,wholly
aqua,WHOLLY
aqua,Wholly
aquapahtië,privacy
aquapahtië,PRIVACY
aquapahtië,Privacy
aquapahtië,*(lit.) full-closedness
aquapahtië,*(LIT.) FULL-CLOSEDNESS
aran,king
aran,KING
aran,King
arandil,king’s friend
arandil,KING’S FRIEND
arandil,King’s friend
arandil,royalist
arandil,ROYALIST
arandil,Royalist
arandur,minister
arandur,MINISTER
arandur,Minister
arandur,steward
arandur,STEWARD
arandur,Steward
arandur,(lit.) king’s servant
arandur,(LIT.) KING’S SERVANT
aranel,princess
aranel,PRINCESS
aranel,Princess
aranië,kingdom
aranië,KINGDOM
aranië,Kingdom
túrindië,*kingdom
túrindië,*KINGDOM
túrinasta,*kingdom
túrinasta,*KINGDOM
aranus(së),kingship
aranus(së),KINGSHIP
aranus(së),Kingship
aranya,*royal
aranya,*ROYAL
arata,high
arata,HIGH
arata,High
arata,noble
arata,NOBLE
arata,Noble
arata,exalted
arata,EXALTED
arata,Exalted
arata,lofty
arata,LOFTY
arata,Lofty
arta²,high
arta²,HIGH
arta²,High
arta²,noble
arta²,NOBLE
arta²,Noble
arta²,exalted
arta²,EXALTED
arta²,Exalted
arta²,lofty
arta²,LOFTY
arta²,Lofty
aráto,champion
aráto,CHAMPION
aráto,Champion
aráto,eminent man
aráto,EMINENT MAN
aráto,Eminent man
aráto,noble
aráto,NOBLE
aráto,Noble
aráto,lord
aráto,LORD
aráto,Lord
aráto,king
aráto,KING
aráto,King
arcandë,*petition
arcandë,*PETITION
arcas,crown
arcas,CROWN
arcas,Crown
arda,region
arda,REGION
arda,Region
arda,realm
arda,REALM
arda,Realm
arda,particular land
arda,PARTICULAR LAND
arda,Particular land
arda,region
arda,REGION
arda,Region
árë,sunlight
árë,SUNLIGHT
árë,Sunlight
árë,warmth (especially of the sun); day
árë,WARMTH (ESPECIALLY OF THE SUN); DAY
árë,Warmth (especially of the sun); day
árë nuquerna,árë-reversed
árë nuquerna,ÁRË-REVERSED
árë nuquerna,Árë-reversed
arimaitë,skilful
arimaitë,SKILFUL
arimaitë,Skilful
arma,ray of sunlight
arma,RAY OF SUNLIGHT
arma,Ray of sunlight
armaro,*neighbor
armaro,*NEIGHBOR
asambar(o),*neighbor
asambar(o),*NEIGHBOR
arpo,seizer
arpo,SEIZER
arpo,Seizer
arpo,thief
arpo,THIEF
arpo,Thief
arquen,noble
arquen,NOBLE
arquen,Noble
arquen,knight
arquen,KNIGHT
arquen,Knight
arta¹,etcetera
arta¹,ETCETERA
arta¹,Etcetera
arya,excelling
arya,EXCELLING
arya,Excelling
arya,*better
arya,*BETTER
arya,*best [with definite article + genitive]
arya,*BEST [WITH DEFINITE ARTICLE + GENITIVE]
arya-,to excel
arya-,TO EXCEL
arya-,To excel
asa-,to be willing
asa-,TO BE WILLING
asa-,To be willing
asa-,agree
asa-,AGREE
asa-,Agree
aþa-,to be willing
aþa-,TO BE WILLING
aþa-,To be willing
aþa-,agree
aþa-,AGREE
aþa-,Agree
asalastë,easily heard
asalastë,EASILY HEARD
asalastë,Easily heard
asanótë,*easily counted
asanótë,*EASILY COUNTED
asar,fixed time
asar,FIXED TIME
asar,Fixed time
asar,festival
asar,FESTIVAL
asar,Festival
asarta,leech
asarta,LEECH
asarta,Leech
asarta,doctor
asarta,DOCTOR
asarta,Doctor
asar(o),doctor
asar(o),DOCTOR
asar(o),Doctor
asar(o),leech
asar(o),LEECH
asar(o),Leech
ascénima,visible
ascénima,VISIBLE
ascénima,Visible
ascénima,easily seen
ascénima,EASILY SEEN
ascénima,Easily seen
ascenë,visible
ascenë,VISIBLE
ascenë,Visible
ascenë,easily seen
ascenë,EASILY SEEN
ascenë,Easily seen
asëa,healing herb
asëa,HEALING HERB
asëa,Healing herb
asëa,athelas
asëa,ATHELAS
asëa,Athelas
asëa aranion,kingsfoil
asëa aranion,KINGSFOIL
asëa aranion,Kingsfoil
asëa aranion,asëa of the Kings
asëa aranion,asëa of the kings
asëa aranion,ASËA OF THE KINGS
asëa aranion,Asëa of the kings
asië,ease
asië,EASE
asië,Ease
asië,comfort
asië,COMFORT
asië,Comfort
asta,month; division
asta,MONTH; DIVISION
asta,Month; division
asta,part (esp. one of other equal parts)
asta,PART (ESP. ONE OF OTHER EQUAL PARTS)
asta,Part (esp. one of other equal parts)
asta-,to heat
asta-,TO HEAT
asta-,To heat
asta-,bake (by exposure to sun)
asta-,BAKE (BY EXPOSURE TO SUN)
asta-,Bake (by exposure to sun)
astalda,strong
astalda,STRONG
astalda,Strong
astalda,*valiant
astalda,*VALIANT
astar,faith
astar,FAITH
astar,Faith
astar,loyalty
astar,LOYALTY
astar,Loyalty
astarindo,bystander; supporter
astarindo,BYSTANDER; SUPPORTER
astarindo,Bystander; supporter
artarindo,bystander; supporter
artarindo,BYSTANDER; SUPPORTER
artarindo,Bystander; supporter
astarmo,bystander; witness
astarmo,BYSTANDER; WITNESS
astarmo,Bystander; witness
asumo,friend at need
asumo,FRIEND AT NEED
asumo,Friend at need
asumo,friend with shared interests
asumo,FRIEND WITH SHARED INTERESTS
asumo,Friend with shared interests
asumo,colleague
asumo,COLLEAGUE
asumo,Colleague
aþumo,friend at need
aþumo,FRIEND AT NEED
aþumo,Friend at need
aþumo,friend with shared interests
aþumo,FRIEND WITH SHARED INTERESTS
aþumo,Friend with shared interests
aþumo,colleague
aþumo,COLLEAGUE
aþumo,Colleague
asya-,to ease
asya-,TO EASE
asya-,To ease
asya-,assist
asya-,ASSIST
asya-,Assist
asya-,comfort
asya-,COMFORT
asya-,Comfort
ataformaitë,ambidextrous
ataformaitë,AMBIDEXTROUS
ataformaitë,Ambidextrous
atalantë,collapse
atalantë,COLLAPSE
atalantë,Collapse
atalantë,downfall
atalantë,DOWNFALL
atalantë,Downfall
atalantëa,ruinous
atalantëa,RUINOUS
atalantëa,Ruinous
atalantëa,downfallen
atalantëa,DOWNFALLEN
atalantëa,Downfallen
atamaitë,two-handed
atamaitë,TWO-HANDED
atamaitë,Two-handed
atamir,heirloom
atamir,HEIRLOOM
atamir,Heirloom
Atan,Man
Atan,man
Atan,MAN
Atan,(lit.) the Second (People)
Atan,(lit.) the second (people)
Atan,(LIT.) THE SECOND (PEOPLE)
Atan,(lit.) the second (people)
ataquanta-,*to refill
ataquanta-,*TO REFILL
ataquanta-,fill a second time
ataquanta-,FILL A SECOND TIME
ataquanta-,Fill a second time
ataquanta-,double fill
ataquanta-,DOUBLE FILL
ataquanta-,Double fill
atar¹,father
atar¹,FATHER
atar¹,Father
atartil,thumb [nursery rhymes]
atartil,THUMB [NURSERY RHYMES]
atartil,Thumb [nursery rhymes]
atatya,double
atatya,DOUBLE
atatya,Double
atto,daddy
atto,DADDY
atto,Daddy
atto,father (familiar/family)
atto,FATHER (FAMILIAR/FAMILY)
atto,Father (familiar/family)
atya¹,daddy
atya¹,DADDY
atya¹,Daddy
atya¹,(my) father
atya¹,(MY) FATHER
(a)taryo,daddy
(a)taryo,DADDY
(a)taryo,Daddy
atyo,*daddy
atyo,*DADDY
au¹,away
au¹,AWAY
au¹,Away
au¹,off
au¹,OFF
au¹,Off
au¹,not here (of position)
au¹,NOT HERE (OF POSITION)
au¹,Not here (of position)
au²,if only
au²,IF ONLY
au²,If only
aucir-,to cut off (and get rid of
aucir-,TO CUT OFF (AND GET RID OF
aucir-,To cut off (and get rid of
aucir-,lose a portion)
aucir-,LOSE A PORTION)
aucir-,Lose a portion)
aura,possession
aura,POSSESSION
aura,Possession
aura,thing owned
aura,THING OWNED
aura,Thing owned
aurë,day (as opposed to night)
aurë,DAY (AS OPPOSED TO NIGHT)
aurë,Day (as opposed to night)
aurë,daylight
aurë,DAYLIGHT
aurë,Daylight
aurë,sunlight
aurë,SUNLIGHT
aurë,Sunlight
aurë,morning
aurë,MORNING
aurë,Morning
ausa,dim shape
ausa,DIM SHAPE
ausa,Dim shape
ausa,spectral
ausa,SPECTRAL
ausa,Spectral
ausa,vague apparition
ausa,VAGUE APPARITION
ausa,Vague apparition
auta,ago
auta,AGO
auta,Ago
auta-¹,to go (away)
auta-¹,TO GO (AWAY)
auta-¹,To go (away)
auta-¹,depart
auta-¹,DEPART
auta-¹,Depart
auta-¹,leave; to pass away
auta-¹,LEAVE; TO PASS AWAY
auta-¹,Leave; to pass away
auta-¹,disappear
auta-¹,DISAPPEAR
auta-¹,Disappear
auta-¹,be lost
auta-¹,BE LOST
auta-¹,Be lost
ava-³,to depart
ava-³,TO DEPART
ava-³,To depart
ava-³,go away
ava-³,GO AWAY
ava-³,Go away
ava-³,disappear
ava-³,DISAPPEAR
ava-³,Disappear
ava-³,be lost
ava-³,BE LOST
ava-³,Be lost
autas,a former occur[rence]
autas,A FORMER OCCUR[RENCE]
autas,A former occur[rence]
auvië,possession (abstract)
auvië,POSSESSION (ABSTRACT)
auvië,Possession (abstract)
auvië,*the act of possessing
auvië,*THE ACT OF POSSESSING
ava-¹,to refuse
ava-¹,TO REFUSE
ava-¹,To refuse
ava-¹,forbid
ava-¹,FORBID
ava-¹,Forbid
avalatya-,*to refuse to open
avalatya-,*TO REFUSE TO OPEN
avalda,move[d]
avalda,MOVE[D]
avalda,Move[d]
avalda,stirred
avalda,STIRRED
avalda,Stirred
avalda,excited
avalda,EXCITED
avalda,Excited
avalerya-,to restrain
avalerya-,TO RESTRAIN
avalerya-,To restrain
avalerya-,to deprive of liberty
avalerya-,TO DEPRIVE OF LIBERTY
avalerya-,To deprive of liberty
avanir,unwill
avanir,UNWILL
avanir,Unwill
avanwa,refused
avanwa,REFUSED
avanwa,Refused
avanwa,forbidden
avanwa,FORBIDDEN
avanwa,Forbidden
avanwa,banned
avanwa,BANNED
avanwa,Banned
avanyárima,unspeakable
avanyárima,UNSPEAKABLE
avanyárima,Unspeakable
avanyárima,what one must not tell
avanyárima,WHAT ONE MUST NOT TELL
avanyárima,What one must not tell
avanyárima,not to be told
avanyárima,NOT TO BE TOLD
avanyárima,Not to be told
avanyárima,related
avanyárima,RELATED
avanyárima,Related
avaquétima,not to be said
avaquétima,NOT TO BE SAID
avaquétima,Not to be said
avaquétima,that must not be said
avaquétima,THAT MUST NOT BE SAID
avaquétima,That must not be said
avatyar-,*to forgive
avatyar-,*TO FORGIVE
avatyar-,(lit.) do away with
avatyar-,(LIT.) DO AWAY WITH
axan,law
axan,LAW
axan,Law
axan,rule
axan,RULE
axan,Rule
axan,commandment
axan,COMMANDMENT
axan,Commandment
axë,neck (vertebrae)
axë,NECK (VERTEBRAE)
axë,Neck (vertebrae)
axë,rock ridge
axë,ROCK RIDGE
axë,Rock ridge
acas,neck
acas,NECK
acas,Neck
axo²,neck
axo²,NECK
axo²,Neck
axo¹,bone
axo¹,BONE
axo¹,Bone
áya,awe
áya,AWE
áya,Awe
caita-¹,to lie (down)
caita-¹,TO LIE (DOWN)
caita-¹,To lie (down)
caita-²,*to lay (something down)
caita-²,*TO LAY (SOMETHING DOWN)
cal-,to shine
cal-,TO SHINE
cal-,To shine
cala,light
cala,LIGHT
cala,Light
calambar,*light-fated
calambar,*LIGHT-FATED
calar,lamp
calar,LAMP
calar,Lamp
calarus,polished copper
calarus,POLISHED COPPER
calarus,Polished copper
calca,glass
calca,GLASS
calca,Glass
cilin,glass
cilin,GLASS
cilin,Glass
cálë,light
cálë,LIGHT
cálë,Light
calima,bright
calima,BRIGHT
calima,Bright
calima,luminous
calima,LUMINOUS
calima,Luminous
calina,light
calina,LIGHT
calina,Light
calina,bright
calina,BRIGHT
calina,Bright
calina,sunny
calina,SUNNY
calina,Sunny
calina,(lit.) illumined
calina,(LIT.) ILLUMINED
calma,lamp
calma,LAMP
calma,Lamp
calma,(device for shining) light
calma,(DEVICE FOR SHINING) LIGHT
calmatan,lampwright
calmatan,LAMPWRIGHT
calmatan,Lampwright
calmatéma,k-series
calmatéma,K-SERIES
calmatéma,K-series
calta-,to kindle
calta-,TO KINDLE
calta-,To kindle
camba,(cupped) hand
camba,(CUPPED) HAND
camba,hollow of the hand
camba,HOLLOW OF THE HAND
camba,Hollow of the hand
cambë,hand
cambë,HAND
cambë,Hand
cáno,commander
cáno,COMMANDER
cáno,Commander
cáno,chief(tain)
cáno,CHIEF(TAIN)
cáno,Chief(tain)
cáno,ruler
cáno,RULER
cáno,Ruler
cáno,governor; †crier
cáno,GOVERNOR; †CRIER
cáno,Governor; †crier
cáno,herald
cáno,HERALD
cáno,Herald
canta-,?
canta²,shape
canta²,SHAPE
canta²,Shape
canta²,framework
canta²,FRAMEWORK
canta²,Framework
cantaro,shaper
cantaro,SHAPER
cantaro,Shaper
cantië,pattern
cantië,PATTERN
cantië,Pattern
canwa¹,announcement
canwa¹,ANNOUNCEMENT
canwa¹,Announcement
canwa¹,order
canwa¹,ORDER
canwa¹,Order
canya-,?to command
canya-,?TO COMMAND
car-,to do
car-,TO DO
car-,To do
car-,make
car-,MAKE
car-,Make
caraitë,active
caraitë,ACTIVE
caraitë,Active
caraitë,busy
caraitë,BUSY
caraitë,Busy
caraitië,activity
caraitië,ACTIVITY
caraitië,Activity
caraitië,business
caraitië,BUSINESS
caraitië,Business
carassë,built fort
carassë,BUILT FORT
carassë,Built fort
carassë,dwelling surrounded by bulwarks
carassë,DWELLING SURROUNDED BY BULWARKS
carassë,Dwelling surrounded by bulwarks
carasta-,to build
carasta-,TO BUILD
carasta-,To build
caraxë,*jagged hedge of spikes
caraxë,*JAGGED HEDGE OF SPIKES
carca,fang; [sharp] rock
carca,FANG; [SHARP] ROCK
carca,Fang; [sharp] rock
carda,deed
carda,DEED
carda,Deed
carma³,deed
carma³,DEED
carma³,Deed
carië,doing
carië,DOING
carië,Doing
carië,making
carië,MAKING
carië,Making
cárima,feasible
cárima,FEASIBLE
cárima,Feasible
cárima,possible (to do)
cárima,POSSIBLE (TO DO)
cárima,Possible (to do)
cárima,able to be done
cárima,ABLE TO BE DONE
cárima,Able to be done
carina,done
carina,DONE
carina,Done
carma¹,helm
carma¹,HELM
carma¹,Helm
carma²,tool
carma²,TOOL
carma²,Tool
carma²,implement
carma²,IMPLEMENT
carma²,Implement
carma²,means
carma²,MEANS
carma²,Means
carma²,weapon
carma²,WEAPON
carma²,Weapon
carmë,production
carmë,PRODUCTION
carmë,Production
carmë,making; structure; art
carmë,MAKING; STRUCTURE; ART
carmë,Making; structure; art
carnë,red
carnë,RED
carnë,Red
carnë,scarlet
carnë,SCARLET
carnë,Scarlet
carpa,(entire) mouth; phonetic system
carpa,(ENTIRE) MOUTH; PHONETIC SYSTEM
carpa-,to talk
carpa-,TO TALK
carpa-,To talk
carpa-,speak
carpa-,SPEAK
carpa-,Speak
carpa-,use tongue
carpa-,USE TONGUE
carpa-,Use tongue
carpassë,mouth-system; full organized language
carpassë,MOUTH-SYSTEM; FULL ORGANIZED LANGUAGE
carpassë,Mouth-system; full organized language
carpassë,including system
carpassë,INCLUDING SYSTEM
carpassë,Including system
carpassë,vocabulary
carpassë,VOCABULARY
carpassë,Vocabulary
carpassë,metre
carpassë,METRE
carpassë,Metre
carpassë,etc.
carpassë,ETC.
carpassë,Etc.
carrëa,tressure
carrëa,TRESSURE
carrëa,Tressure
cas,head
cas,HEAD
cas,Head
cára,head
cára,HEAD
cára,Head
Casar,Dwarf
Casar,dwarf
Casar,DWARF
cas(ta),to the top
cas(ta),TO THE TOP
cas(ta),To the top
castol(o),helmet
castol(o),HELMET
castol(o),Helmet
cat-,to shape
cat-,TO SHAPE
cat-,To shape
cat-,fashion
cat-,FASHION
cat-,Fashion
cauma,protection
cauma,PROTECTION
cauma,Protection
cauma,shelter; shield
cauma,SHELTER; SHIELD
cauma,Shelter; shield
cav-,to receive
cav-,TO RECEIVE
cav-,To receive
cam-,to receive
cam-,TO RECEIVE
cam-,To receive
cé¹,may (be)
cé¹,MAY (BE)
cé¹,May (be)
cëa,*hedge
cëa,*HEDGE
céla,maybe not
céla,MAYBE NOT
céla,Maybe not
celima,fluent
celima,FLUENT
celima,Fluent
celumë,flowing
celumë,FLOWING
celumë,Flowing
celumë,flood (tide)
celumë,FLOOD (TIDE)
celumë,Flood (tide)
celumë,stream
celumë,STREAM
celumë,Stream
celundë,welling forth
celundë,WELLING FORTH
celundë,Welling forth
celussë,freshet
celussë,FRESHET
celussë,Freshet
celussë,water falling out swiftly from a rocky spring
celussë,WATER FALLING OUT SWIFTLY FROM A ROCKY SPRING
celussë,Water falling out swiftly from a rocky spring
celva,animal
celva,ANIMAL
celva,Animal
celva,living thing that moves
celva,LIVING THING THAT MOVES
celva,Living thing that moves
cemen,the earth; earth
cemen,THE EARTH; EARTH
cemen,The earth; earth
cen,sight
cen,SIGHT
cen,Sight
cen-,to see
cen-,TO SEE
cen-,To see
cen-,behold
cen-,BEHOLD
cen-,Behold
cen-,look
cen-,LOOK
cen-,Look
cenasta,if it be so
cenasta,IF IT BE SO
cenasta,If it be so
cenasta,may be
cenasta,MAY BE
cenasta,May be
cenasta,perhaps
cenasta,PERHAPS
cenasta,Perhaps
cenasit,if it be so
cenasit,IF IT BE SO
cenasit,If it be so
cenasit,may be
cenasit,MAY BE
cenasit,May be
cenasit,perhaps
cenasit,PERHAPS
cenasit,Perhaps
cenda,inspection
cenda,INSPECTION
cenda,Inspection
cenda,reading
cenda,READING
cenda,Reading
cenda-,to watch (intensively)
cenda-,TO WATCH (INTENSIVELY)
cenda-,To watch (intensively)
cenda-,observe (for some time); to read
cenda-,OBSERVE (FOR SOME TIME); TO READ
cenda-,Observe (for some time); to read
cendë,point
cendë,POINT
cendë,Point
cendelë,face
cendelë,FACE
cendelë,Face
canwa²,face
canwa²,FACE
canwa²,Face
cénima,visible
cénima,VISIBLE
cénima,Visible
cenítë,seeing
cenítë,SEEING
cenítë,Seeing
cenítë,*able to see
cenítë,*ABLE TO SEE
centa,enquiry
centa,ENQUIRY
centa,Enquiry
centa,*essay
centa,*ESSAY
cenwa,?reading
cenwa,?READING
cenya,*seeing
cenya,*SEEING
Cermië,July
Cermië,july
Cermië,JULY
certa,rune
certa,RUNE
certa,Rune
ces-,to search
ces-,TO SEARCH
ces-,To search
ces-,examine (in order to find something)
ces-,EXAMINE (IN ORDER TO FIND SOMETHING)
ces-,Examine (in order to find something)
cesta-¹,to seek
cesta-¹,TO SEEK
cesta-¹,To seek
cesta-¹,search for
cesta-¹,SEARCH FOR
cesta-¹,Search for
cesta-²,to ask
cesta-²,TO ASK
cesta-²,To ask
cesya-,to cause interest
cesya-,TO CAUSE INTEREST
cesya-,To cause interest
cesya-,interest (oneself)
cesya-,INTEREST (ONESELF)
cesya-,Interest (oneself)
cesya-,(lit.) to cause one to enquire
cesya-,(LIT.) TO CAUSE ONE TO ENQUIRE
ceula,?alive (of vegetable)
ceula,?ALIVE (OF VEGETABLE)
ceulë,*renewal
ceulë,*RENEWAL
ceura,renewed
ceura,RENEWED
ceura,Renewed
ceurë,renewed
ceurë,RENEWED
ceurë,Renewed
ceuran,new-moon
ceuran,NEW-MOON
ceuran,New-moon
ceuranar,new sun after solstice
ceuranar,NEW SUN AFTER SOLSTICE
ceuranar,New sun after solstice
ceuta-,to renew
ceuta-,TO RENEW
ceuta-,To renew
ceuta-,refresh
ceuta-,REFRESH
ceuta-,Refresh
céva,fresh
céva,FRESH
céva,Fresh
céva,new
céva,NEW
céva,New
céva,renewed
céva,RENEWED
céva,Renewed
ceu,fresh
ceu,FRESH
ceu,Fresh
ceu,new
ceu,NEW
ceu,New
cilintilla,looking-glass
cilintilla,LOOKING-GLASS
cilintilla,Looking-glass
cilintír,looking-glass
cilintír,LOOKING-GLASS
cilintír,Looking-glass
cilinyul,drinking-vessel (made of glass)
cilinyul,DRINKING-VESSEL (MADE OF GLASS)
cilinyul,Drinking-vessel (made of glass)
cilmë,choice
cilmë,CHOICE
cilmë,Choice
cilmë,choosing
cilmë,CHOOSING
cilmë,Choosing
cilmessë,self-name
cilmessë,SELF-NAME
cilmessë,Self-name
címa,edge of a cutting weapon/tool
címa,EDGE OF A CUTTING WEAPON/TOOL
címa,Edge of a cutting weapon/tool
cimba,edge
cimba,EDGE
cimba,Edge
cimba,brink
cimba,BRINK
cimba,Brink
cinta,small
cinta,SMALL
cinta,Small
cir-,to cut
cir-,TO CUT
cir-,To cut
circa,sickle
circa,SICKLE
circa,Sickle
cirincë,scarlet-plumed species of bird
cirincë,SCARLET-PLUMED SPECIES OF BIRD
cirincë,Scarlet-plumed species of bird
cirma,knife
cirma,KNIFE
cirma,Knife
cirmacin,knife-edge
cirmacin,KNIFE-EDGE
cirmacin,Knife-edge
cirya¹,(sharp-prowed) ship; swift gliding
cirya¹,(SHARP-PROWED) SHIP; SWIFT GLIDING
cirya²,cleft
cirya²,CLEFT
cirya²,Cleft
cirya²,pass
cirya²,PASS
cirya²,Pass
ciryamo,mariner
ciryamo,MARINER
ciryamo,Mariner
ciryando,sailor
ciryando,SAILOR
ciryando,Sailor
ciryaquen,shipman
ciryaquen,SHIPMAN
ciryaquen,Shipman
ciryaquen,sailor
ciryaquen,SAILOR
ciryaquen,Sailor
ciryatan,shipbuilder
ciryatan,SHIPBUILDER
ciryatan,Shipbuilder
ciryatan,shipwright
ciryatan,SHIPWRIGHT
ciryatan,Shipwright
cíta-,to suppose
cíta-,TO SUPPOSE
cíta-,To suppose
ciuca,*thigh
ciuca,*THIGH
cyúca,*thigh
cyúca,*THIGH
cöa,house; outhouse
cöa,HOUSE; OUTHOUSE
cöa,House; outhouse
cöa,shed
cöa,SHED
cöa,Shed
cöa,hut
cöa,HUT
cöa,Hut
cöa,booth; building used for a dwelling
cöa,BOOTH; BUILDING USED FOR A DWELLING
cöa,Booth; building used for a dwelling
cöa,other purposes; †body
cöa,OTHER PURPOSES; †BODY
cöa,Other purposes; †body
cöacalina,light of the house
cöacalina,LIGHT OF THE HOUSE
cöacalina,Light of the house
cöacalina,indwelling spirit
cöacalina,INDWELLING SPIRIT
cöacalina,Indwelling spirit
coimas,life-bread
coimas,LIFE-BREAD
coimas,Life-bread
coimas,lembas
coimas,LEMBAS
coimas,Lembas
lerembas,bread taken on leaving home (for a long journey)
lerembas,BREAD TAKEN ON LEAVING HOME (FOR A LONG JOURNEY)
lerembas,Bread taken on leaving home (for a long journey)
coimen,life-year
coimen,LIFE-YEAR
coimen,Life-year
coirë,stirring
coirë,STIRRING
coirë,Stirring
coirë,early spring
coirë,EARLY SPRING
coirë,Early spring
coirëa,living
coirëa,LIVING
coirëa,Living
coita-,*to live
coita-,*TO LIVE
coita-,be alive
coita-,BE ALIVE
coita-,Be alive
coita-,have life
coita-,HAVE LIFE
coita-,Have life
coivië,life
coivië,LIFE
coivië,Life
coivë,life
coivë,LIFE
coivë,Life
cuivië²,life
cuivië²,LIFE
cuivië²,Life
col-,to bear
col-,TO BEAR
col-,To bear
col-,*carry
col-,*CARRY
col-,wear
col-,WEAR
col-,Wear
colba,*womb
colba,*WOMB
colbanavië,gestation
colbanavië,GESTATION
colbanavië,Gestation
colbanavië,*(lit.) womb-being
colbanavië,*(LIT.) WOMB-BEING
colbamarië,gestation
colbamarië,GESTATION
colbamarië,Gestation
colbamarië,*(lit.) womb-residence
colbamarië,*(LIT.) WOMB-RESIDENCE
cólima,bearable
cólima,BEARABLE
cólima,Bearable
cólima,light (of burdens and things comparable
cólima,LIGHT (OF BURDENS AND THINGS COMPARABLE
cólima,Light (of burdens and things comparable
cólima,troubles
cólima,TROUBLES
cólima,Troubles
cólima,labors
cólima,LABORS
cólima,Labors
cólima,afflications)
cólima,AFFLICATIONS)
cólima,Afflications)
colindo,bearer
colindo,BEARER
colindo,Bearer
colla,borne
colla,BORNE
colla,Borne
colla,worn; vestment
colla,WORN; VESTMENT
colla,Worn; vestment
colla,cloak
colla,CLOAK
colla,Cloak
collo,cloak
collo,CLOAK
collo,Cloak
cólo,burden
cólo,BURDEN
cólo,Burden
coloitë,capable of bearing
coloitë,CAPABLE OF BEARING
coloitë,Capable of bearing
coloitë,tolerant (of)
coloitë,TOLERANT (OF)
coloitë,Tolerant (of)
coloitë,enduring
coloitë,ENDURING
coloitë,Enduring
coloitië,endurance
coloitië,ENDURANCE
coloitië,Endurance
coloitië,staunchness
coloitië,STAUNCHNESS
coloitië,Staunchness
coloitië,fortitude
coloitië,FORTITUDE
coloitië,Fortitude
comya-,to collect
comya-,TO COLLECT
comya-,To collect
coranar,(solar) year
coranar,(SOLAR) YEAR
coranar,(lit.) sun-round
coranar,(LIT.) SUN-ROUND
corma,ring
corma,RING
corma,Ring
coron,mound
coron,MOUND
coron,Mound
corto,circle
corto,CIRCLE
corto,Circle
cotto,*enemy
cotto,*ENEMY
cuima,creature
cuima,CREATURE
cuima,Creature
cuima,animal
cuima,ANIMAL
cuima,Animal
cuiva,animal
cuiva,ANIMAL
cuiva,Animal
cuita-,to live
cuita-,TO LIVE
cuita-,To live
cuivië¹,awakening
cuivië¹,AWAKENING
cuivië¹,Awakening
cuivë,awakening
cuivë,AWAKENING
cuivë,Awakening
culumalda,laburnum
culumalda,LABURNUM
culumalda,Laburnum
culumalda,*(lit.) orange-tree
culumalda,*(LIT.) ORANGE-TREE
cúna,bent
cúna,BENT
cúna,Bent
cúna,curved
cúna,CURVED
cúna,Curved
cúna-,to bend
cúna-,TO BEND
cúna-,To bend
cundo,lord
cundo,LORD
cundo,Lord
cundo,guardian
cundo,GUARDIAN
cundo,Guardian
condo,lord
condo,LORD
condo,Lord
cunya-,to rule
cunya-,TO RULE
cunya-,To rule
cunta-,to rule
cunta-,TO RULE
cunta-,To rule
curo,skillful (?device)
curo,SKILLFUL (?DEVICE)
curo,Skillful (?device)
curu,skill
curu,SKILL
curu,Skill
curwë,skill of the hand
curwë,SKILL OF THE HAND
curwë,Skill of the hand
curwë,technical skill and invention
curwë,TECHNICAL SKILL AND INVENTION
curwë,Technical skill and invention
cuv-,to conceal
cuv-,TO CONCEAL
cuv-,To conceal
cuv-,hide
cuv-,HIDE
cuv-,Hide
cúvima,concealable
cúvima,CONCEALABLE
cúvima,Concealable
cuvo,hider
cuvo,HIDER
cuvo,Hider
cuvoitë,hiding
cuvoitë,HIDING
cuvoitë,Hiding
cuvoitë,secretive; treacherous
cuvoitë,SECRETIVE; TREACHEROUS
cuvoitë,Secretive; treacherous
Eä,Creation
Eä,creation
Eä,CREATION
Eä,the (Material) Universe
Eä,the (material) universe
Eä,THE (MATERIAL) UNIVERSE
Eä,The (material) universe
Eä,Cosmos
Eä,cosmos
Eä,COSMOS
Eä,World; it is
Eä,world; it is
Eä,WORLD; IT IS
Eä,let it be
Eä,LET IT BE
Eä,Let it be
ëa-,to be
ëa-,TO BE
ëa-,To be
ëa-,exist
ëa-,EXIST
ëa-,Exist
ëala,spirit (not incarnate)
ëala,SPIRIT (NOT INCARNATE)
ëala,Spirit (not incarnate)
ëala,being
ëala,BEING
ëala,Being
ëar,sea
ëar,SEA
ëar,Sea
ëar,great sea
ëar,GREAT SEA
ëar,Great sea
ëaren,ocean
ëaren,OCEAN
ëaren,Ocean
ëaren,great sea
ëaren,GREAT SEA
ëaren,Great sea
eäron,ocean
eäron,OCEAN
eäron,Ocean
eäron,great sea
eäron,GREAT SEA
eäron,Great sea
ëarendur,(professional) mariner
ëarendur,(PROFESSIONAL) MARINER
Eärenya,Sea-day
Eärenya,sea-day
Eärenya,SEA-DAY
Eärenya,*Thursday
Eärenya,*thursday
Eärenya,*THURSDAY
Eärenya,*thursday
ëarráman,great ship for sailing on the Great Sea
ëarráman,great ship for sailing on the great sea
ëarráman,GREAT SHIP FOR SAILING ON THE GREAT SEA
ëarráman,Great ship for sailing on the great sea
ec-,to have a chance of; may
ec-,TO HAVE A CHANCE OF; MAY
ec-,To have a chance of; may
ec-,can
ec-,CAN
ec-,Can
ecces-,to find out
ecces-,TO FIND OUT
ecces-,To find out
ecces-,bring out by examining
ecces-,BRING OUT BY EXAMINING
ecces-,Bring out by examining
ecces-,eyeing[?]
ecces-,EYEING[?]
ecces-,Eyeing[?]
ecellë,urchin
ecellë,URCHIN
ecellë,Urchin
ecellë,hedgehog
ecellë,HEDGEHOG
ecellë,Hedgehog
ecet,short stabbing sword
ecet,SHORT STABBING SWORD
ecet,Short stabbing sword
ehtelë,spring
ehtelë,SPRING
ehtelë,Spring
ehtelë,issue of water
ehtelë,ISSUE OF WATER
ehtelë,Issue of water
él,star
él,STAR
él,Star
Elda,Elf
Elda,elf
Elda,ELF
Elda,(lit.) one of the Star-folk
Elda,(lit.) one of the star-folk
Elda,(LIT.) ONE OF THE STAR-FOLK
Elda,(lit.) one of the star-folk
Eldalië,People of the Elves
Eldalië,people of the elves
Eldalië,PEOPLE OF THE ELVES
Eldalië,People of the elves
Eldalië,Elven-folk
Eldalië,elven-folk
Eldalië,ELVEN-FOLK
elen,star
elen,STAR
elen,Star
Elenya,Saturday
Elenya,saturday
Elenya,SATURDAY
Elenya,*Star-day
Elenya,*star-day
Elenya,*STAR-DAY
Elenya,*star-day
elenya,adjective referring to the stars
elenya,ADJECTIVE REFERRING TO THE STARS
elenya,Adjective referring to the stars
elenya,*of the stars
elenya,*OF THE STARS
elenya,stellar
elenya,STELLAR
elenya,Stellar
elp-,to anoint
elp-,TO ANOINT
elp-,To anoint
elvëa,starlike
elvëa,STARLIKE
elvëa,Starlike
emel,love [abstract]
emel,LOVE [ABSTRACT]
emel,Love [abstract]
emer-,?to herd (sheep)
emer-,?TO HERD (SHEEP)
emerwen,shepherdess
emerwen,SHEPHERDESS
emerwen,Shepherdess
emma,*picture
emma,*PICTURE
en,then soon
en,THEN SOON
en,Then soon
enya,then soon
enya,THEN SOON
enya,Then soon
en(a),still
en(a),STILL
en(a),Still
enda,heart; centre
enda,HEART; CENTRE
enda,Heart; centre
endë,centre
endë,CENTRE
endë,Centre
endë,middle
endë,MIDDLE
endë,Middle
entë²,centre
entë²,CENTRE
entë²,Centre
endëa,middle
endëa,MIDDLE
endëa,Middle
enelmo,go-between
enelmo,GO-BETWEEN
enelmo,Go-between
enelmo,intervener
enelmo,INTERVENER
enelmo,Intervener
enelmo,intermediary
enelmo,INTERMEDIARY
enelmo,Intermediary
enelmo,mediator
enelmo,MEDIATOR
enelmo,Mediator
engë,ago
engë,AGO
engë,Ago
engë,in the past
engë,IN THE PAST
engë,In the past
engwa,sickly
engwa,SICKLY
engwa,Sickly
engwë,thing [that exists]
engwë,THING [THAT EXISTS]
engwë,Thing [that exists]
enquanta-,to refill
enquanta-,TO REFILL
enquanta-,To refill
enquet-,to repeat
enquet-,TO REPEAT
enquet-,To repeat
enquet-,say again
enquet-,SAY AGAIN
enquet-,Say again
ataquetië,saying again
ataquetië,SAYING AGAIN
ataquetië,Saying again
ataquetië,repetition
ataquetië,REPETITION
ataquetië,Repetition
enquië,Elvish week of six days
enquië,elvish week of six days
enquië,ELVISH WEEK OF SIX DAYS
enta,another
enta,ANOTHER
enta,Another
enta,one more
enta,ONE MORE
enta,One more
entar,tomorrow
entar,TOMORROW
entar,Tomorrow
entë¹,moreover
entë¹,MOREOVER
entë¹,Moreover
entë¹,further(more)
entë¹,FURTHER(MORE)
entë¹,Further(more)
entë¹,what is more
entë¹,WHAT IS MORE
entë¹,What is more
entul-,to come again
entul-,TO COME AGAIN
entul-,To come again
entul-,return
entul-,RETURN
entul-,Return
entulessë,return
entulessë,RETURN
entulessë,Return
entya,central
entya,CENTRAL
entya,Central
entya,middle
entya,MIDDLE
entya,Middle
envinyata-,to renew
envinyata-,TO RENEW
envinyata-,To renew
envinyata-,heal
envinyata-,HEAL
envinyata-,Heal
enwa,yet
enwa,YET
enwa,Yet
enwina,old
enwina,OLD
enwina,Old
enyal-,to recall
enyal-,TO RECALL
enyal-,To recall
enyalië,memory
enyalië,MEMORY
enyalië,Memory
enyalië,(lit.) recalling
enyalië,(LIT.) RECALLING
epessë,after-name
epessë,AFTER-NAME
epessë,After-name
ep(e)ta,following that
ep(e)ta,FOLLOWING THAT
ep(e)ta,Following that
ep(e)ta,thereupon
ep(e)ta,THEREUPON
ep(e)ta,Thereupon
ep(e)ta,thence
ep(e)ta,THENCE
ep(e)ta,Thence
ep(e)ta,whereupon
ep(e)ta,WHEREUPON
ep(e)ta,Whereupon
equë,say
equë,SAY
equë,Say
equë,says
equë,SAYS
equë,Says
equë,said
equë,SAID
equë,Said
eques,saying
eques,SAYING
eques,Saying
eques,(current
eques,(CURRENT
eques,proverbial) dictum
eques,PROVERBIAL) DICTUM
eques,Proverbial) dictum
eques,quotation from someone’s uttered words
eques,QUOTATION FROM SOMEONE’S UTTERED WORDS
eques,Quotation from someone’s uttered words
erdë,singularity
erdë,SINGULARITY
erdë,Singularity
eressë,solitude
eressë,SOLITUDE
eressë,Solitude
eressë,separation
eressë,SEPARATION
eressë,Separation
eressë,isolation
eressë,ISOLATION
eressë,Isolation
eressëa,lonely
eressëa,LONELY
eressëa,Lonely
erinqua,single
erinqua,SINGLE
erinqua,Single
erinqua,alone
erinqua,ALONE
erinqua,Alone
erma,(physical) matter
erma,(PHYSICAL) MATTER
hrón,matter
hrón,MATTER
hrón,Matter
hrón,substance
hrón,SUBSTANCE
hrón,Substance
hrón,flesh; body
hrón,FLESH; BODY
hrón,Flesh; body
orma,(physical) matter
orma,(PHYSICAL) MATTER
Eru,The One
Eru,the one
Eru,THE ONE
Eru,The one
Eru,God
Eru,god
Eru,GOD
Eruva,divine
Eruva,DIVINE
Eruva,Divine
essë¹,name
essë¹,NAME
essë¹,Name
estat-,to distribute in even portions
estat-,TO DISTRIBUTE IN EVEN PORTIONS
estat-,To distribute in even portions
etsat-,to distribute in even portions
etsat-,TO DISTRIBUTE IN EVEN PORTIONS
etsat-,To distribute in even portions
estel,hope
estel,HOPE
estel,Hope
estel,trust
estel,TRUST
estel,Trust
estel,*faith
estel,*FAITH
estirnë,brow
estirnë,BROW
estirnë,Brow
etelehta-,*to deliver
etelehta-,*TO DELIVER
etelehta-,(lit.) free from
etelehta-,(LIT.) FREE FROM
eterúna-,*to deliver
eterúna-,*TO DELIVER
eterúna-,(lit.) free from
eterúna-,(LIT.) FREE FROM
eteminya,prominent
eteminya,PROMINENT
eteminya,Prominent
ethenta-,to read aloud
ethenta-,TO READ ALOUD
ethenta-,To read aloud
etsurya-,to go out
etsurya-,TO GO OUT
etsurya-,To go out
etya,exiled
etya,EXILED
etya,Exiled
fá¹,*ray of light
fá¹,*RAY OF LIGHT
fá¹,flame
fá¹,FLAME
fá¹,Flame
fai,*before of time
fai,*BEFORE OF TIME
faila,fair-minded
faila,FAIR-MINDED
faila,Fair-minded
faila,just
faila,JUST
faila,Just
faila,generous
faila,GENEROUS
faila,Generous
fairë,spirit (disembodied)
fairë,SPIRIT (DISEMBODIED)
fairë,Spirit (disembodied)
fairë,phantom; †radiance
fairë,PHANTOM; †RADIANCE
fairë,Phantom; †radiance
falassë,(wave-beaten) shore
falassë,(WAVE-BEATEN) SHORE
falassë,seashore
falassë,SEASHORE
falassë,Seashore
falassë,line of surf
falassë,LINE OF SURF
falassë,Line of surf
falasta-,to foam
falasta-,TO FOAM
falasta-,To foam
falasta-,surge
falasta-,SURGE
falasta-,Surge
falma,(crested
falma,(CRESTED
falma,foaming) wave
falma,FOAMING) WAVE
falma,Foaming) wave
falma,breaker
falma,BREAKER
falma,Breaker
fana,raiment
fana,RAIMENT
fana,Raiment
fana,veil; (bright) shape
fana,VEIL; (BRIGHT) SHAPE
fana,Veil; (bright) shape
fana,figure; bodily form of an angelic spirit
fana,FIGURE; BODILY FORM OF AN ANGELIC SPIRIT
fana,Figure; bodily form of an angelic spirit
fána,white
fána,WHITE
fána,White
fánë,white
fánë,WHITE
fánë,White
fanga,beard
fanga,BEARD
fanga,Beard
fanta-,to veil
fanta-,TO VEIL
fanta-,To veil
fanta-,cloak
fanta-,CLOAK
fanta-,Cloak
fanta-,mantle
fanta-,MANTLE
fanta-,Mantle
fantercenya,perspicacious
fantercenya,PERSPICACIOUS
fantercenya,Perspicacious
fantercenya,penetrating of sight
fantercenya,PENETRATING OF SIGHT
fantercenya,Penetrating of sight
fantercenya,understanding
fantercenya,UNDERSTANDING
fantercenya,Understanding
fanto,whale
fanto,WHALE
fanto,Whale
fanwa,veil
fanwa,VEIL
fanwa,Veil
fanwa,screen
fanwa,SCREEN
fanwa,Screen
fanwë,vapour
fanwë,VAPOUR
fanwë,Vapour
fanwë,steam
fanwë,STEAM
fanwë,Steam
fanya,(white) cloud
fanya,(WHITE) CLOUD
fanya,white and shining [thing]
fanya,WHITE AND SHINING [THING]
fanya,White and shining [thing]
fanyarë,the skies (not heaven
fanyarë,THE SKIES (NOT HEAVEN
fanyarë,The skies (not heaven
fanyarë,firmament)
fanyarë,FIRMAMENT)
fanyarë,Firmament)
fanyarë,the upper airs and clouds
fanyarë,THE UPPER AIRS AND CLOUDS
fanyarë,The upper airs and clouds
fara-,to hunt
fara-,TO HUNT
fara-,To hunt
faralë,hunting
faralë,HUNTING
faralë,Hunting
farnë,ash
farnë,ASH
farnë,Ash
farnë,rowan
farnë,ROWAN
farnë,Rowan
fëa,(indwelling
fëa,(INDWELLING
fëa,incarnate) spirit
fëa,INCARNATE) SPIRIT
fëa,Incarnate) spirit
fëa,soul
fëa,SOUL
fëa,Soul
fëafelmë,*spirit-impulse
fëafelmë,*SPIRIT-IMPULSE
felco,cave
felco,CAVE
felco,Cave
felco,mine
felco,MINE
felco,Mine
felco,underground dwelling
felco,UNDERGROUND DWELLING
felco,Underground dwelling
felmë,*impulse
felmë,*IMPULSE
felmë,emotion
felmë,EMOTION
felmë,Emotion
felya,mine
felya,MINE
felya,Mine
felya,boring
felya,BORING
felya,Boring
felya,tunnel
felya,TUNNEL
felya,Tunnel
felya,underground dwel[ling]
felya,UNDERGROUND DWEL[LING]
felya,Underground dwel[ling]
fendë,door
fendë,DOOR
fendë,Door
fenna,door
fenna,DOOR
fenna,Door
fenta-,to begin
fenta-,TO BEGIN
fenta-,To begin
férima,ready to hand
férima,READY TO HAND
férima,Ready to hand
férima,(quickly) available
férima,(QUICKLY) AVAILABLE
ferya-,to make ready (promptly)
ferya-,TO MAKE READY (PROMPTLY)
ferya-,To make ready (promptly)
fifíru-,to slowly fade away
fifíru-,TO SLOWLY FADE AWAY
fifíru-,To slowly fade away
filincë,finch
filincë,FINCH
filincë,Finch
fimbë,slender
fimbë,SLENDER
fimbë,Slender
finca¹,clever (in petty ways)
finca¹,CLEVER (IN PETTY WAYS)
finca¹,Clever (in petty ways)
finda¹,having hair
finda¹,HAVING HAIR
finda¹,Having hair
finda¹,-haired
finda¹,-HAIRED
finda²,fine and delicately made
finda²,FINE AND DELICATELY MADE
finda²,Fine and delicately made
findë,hair (especially of the head)
findë,HAIR (ESPECIALLY OF THE HEAD)
findë,Hair (especially of the head)
findë,tress
findë,TRESS
findë,Tress
findë,plait of hair
findë,PLAIT OF HAIR
findë,Plait of hair
findelë,tress
findelë,TRESS
findelë,Tress
findelë,lock [of hair]
findelë,LOCK [OF HAIR]
findelë,Lock [of hair]
findessë,head of hair
findessë,HEAD OF HAIR
findessë,Head of hair
findessë,person’s hair as a whole
findessë,PERSON’S HAIR AS A WHOLE
findessë,Person’s hair as a whole
findilë,head of hair
findilë,HEAD OF HAIR
findilë,Head of hair
finë,(single) hair
finë,(SINGLE) HAIR
finë,filament
finë,FILAMENT
finë,Filament
fínë,dexterity
fínë,DEXTERITY
fínë,Dexterity
fínëa,dexterous
fínëa,DEXTEROUS
fínëa,Dexterous
finta-,to make
finta-,TO MAKE
finta-,To make
finta-,finish off
finta-,FINISH OFF
finta-,Finish off
finta-,decorate a thing with delicate work; to show skill
finta-,DECORATE A THING WITH DELICATE WORK; TO SHOW SKILL
finta-,Decorate a thing with delicate work; to show skill
fintalë,trick
fintalë,TRICK
fintalë,Trick
finwa,clever
finwa,CLEVER
finwa,Clever
finwa,fine
finwa,FINE
finwa,Fine
finwa,delicate; dexterous
finwa,DELICATE; DEXTEROUS
finwa,Delicate; dexterous
finya,clever
finya,CLEVER
finya,Clever
finya-,to do/make a thing (with fine work)
finya-,TO DO/MAKE A THING (WITH FINE WORK)
finya-,To do/make a thing (with fine work)
fir-,to die
fir-,TO DIE
fir-,To die
fir-,fade
fir-,FADE
fir-,Fade
fir-,†expire
fir-,†EXPIRE
fir-,breathe forth
fir-,BREATHE FORTH
fir-,Breathe forth
fírië,death (of Men)
fírië,death (of men)
fírië,DEATH (OF MEN)
fírië,Death (of men)
fírië,*natural death
fírië,*NATURAL DEATH
effírië,death
effírië,DEATH
effírië,Death
fírima,mortal
fírima,MORTAL
fírima,Mortal
fírima,*(lit.) able to die
fírima,*(LIT.) ABLE TO DIE
firya,mortal; human
firya,MORTAL; HUMAN
firya,Mortal; human
föa,breath
föa,BREATH
föa,Breath
föa,puff of breath
föa,PUFF OF BREATH
föa,Puff of breath
fá²,breath
fá²,BREATH
fá²,Breath
fá²,puff of breath
fá²,PUFF OF BREATH
fá²,Puff of breath
föalócë,*breath-dragon
föalócë,*BREATH-DRAGON
forma,right-hand [side]
forma,RIGHT-HAND [SIDE]
forma,Right-hand [side]
formaitë,righthanded
formaitë,RIGHTHANDED
formaitë,Righthanded
formen,north
formen,NORTH
formen,North
forna,northern
forna,NORTHERN
forna,Northern
fúmë,breath
fúmë,BREATH
fúmë,Breath
hac-,to yawn
hac-,TO YAWN
hac-,To yawn
hácala,yawning
hácala,YAWNING
hácala,Yawning
hahta,fence
hahta,FENCE
hahta,Fence
hahta,hedge
hahta,HEDGE
hahta,Hedge
haia,afar
haia,AFAR
haia,Afar
haila,far beyond
haila,FAR BEYOND
haila,Far beyond
hala,cast shadow
hala,CAST SHADOW
hala,Cast shadow
ixal,cast shadow
ixal,CAST SHADOW
ixal,Cast shadow
halla,tall
halla,TALL
halla,Tall
halda,tall
halda,TALL
halda,Tall
hamna,pile
hamna,PILE
hamna,Pile
hamna,(artificial) mound
hamna,(ARTIFICIAL) MOUND
hampa,restrained
hampa,RESTRAINED
hampa,Restrained
hampa,delayed
hampa,DELAYED
hampa,Delayed
hampa,kept
hampa,KEPT
hampa,Kept
háno,brother
háno,BROTHER
háno,Brother
hanno,brother (diminutive)
hanno,BROTHER (DIMINUTIVE)
hanno,Brother (diminutive)
hanquenta,answer
hanquenta,ANSWER
hanquenta,Answer
endaquet-,to answer
endaquet-,TO ANSWER
endaquet-,To answer
tóquet-,to answer
tóquet-,TO ANSWER
tóquet-,To answer
aquet-,to answer
aquet-,TO ANSWER
aquet-,To answer
hantalë,thanksgiving
hantalë,THANKSGIVING
hantalë,Thanksgiving
hanwa,seat
hanwa,SEAT
hanwa,Seat
har-,to sit
har-,TO SIT
har-,To sit
har-,stay
har-,STAY
har-,Stay
haranyë,century (100 years)
haranyë,CENTURY (100 YEARS)
haranyë,Century (100 years)
harma,treasure
harma,TREASURE
harma,Treasure
harya-,to have
harya-,TO HAVE
harya-,To have
hasa-,to treat (medically)
hasa-,TO TREAT (MEDICALLY)
hasa-,To treat (medically)
hasa-,(help to) cure; to treat kindly
hasa-,(HELP TO) CURE; TO TREAT KINDLY
hasa-,make easy
hasa-,MAKE EASY
hasa-,Make easy
hasta-,to mar
hasta-,TO MAR
hasta-,To mar
hastaina,marred
hastaina,MARRED
hastaina,Marred
χarina,marred
χarina,MARRED
χarina,Marred
harina,marred
harina,MARRED
harina,Marred
hatal,spear
hatal,SPEAR
hatal,Spear
haura¹,huge
haura¹,HUGE
haura¹,Huge
haura²,hoard
haura²,HOARD
haura²,Hoard
haura²,store; funeral mound
haura²,STORE; FUNERAL MOUND
haura²,Store; funeral mound
háva,bread (collective)
háva,BREAD (COLLECTIVE)
háva,Bread (collective)
havar,a loaf
havar,A LOAF
havar,A loaf
havar,cake of bread
havar,CAKE OF BREAD
havar,Cake of bread
hecil,one lost
hecil,ONE LOST
hecil,One lost
hecil,forsaken by friends
hecil,FORSAKEN BY FRIENDS
hecil,Forsaken by friends
hecil,waif
hecil,WAIF
hecil,Waif
hecil,outcast
hecil,OUTCAST
hecil,Outcast
hecil,outlaw
hecil,OUTLAW
hecil,Outlaw
hecile,one lost
hecile,ONE LOST
hecile,One lost
hecile,forsaken by friends
hecile,FORSAKEN BY FRIENDS
hecile,Forsaken by friends
hecile,waif
hecile,WAIF
hecile,Waif
hecile,outcast
hecile,OUTCAST
hecile,Outcast
hecile,outlaw (f.)
hecile,OUTLAW (F.)
hecile,Outlaw (f.)
hecilo,one lost
hecilo,ONE LOST
hecilo,One lost
hecilo,forsaken by friends
hecilo,FORSAKEN BY FRIENDS
hecilo,Forsaken by friends
hecilo,waif
hecilo,WAIF
hecilo,Waif
hecilo,outcast
hecilo,OUTCAST
hecilo,Outcast
hecilo,outlaw (m.)
hecilo,OUTLAW (M.)
hecilo,Outlaw (m.)
hehta-,to put aside
hehta-,TO PUT ASIDE
hehta-,To put aside
hehta-,leave out
hehta-,LEAVE OUT
hehta-,Leave out
hehta-,exclude
hehta-,EXCLUDE
hehta-,Exclude
hehta-,abandon
hehta-,ABANDON
hehta-,Abandon
hehta-,forsake
hehta-,FORSAKE
hehta-,Forsake
helca,icy
helca,ICY
helca,Icy
helca,ice-cold
helca,ICE-COLD
helca,Ice-cold
hen,eye
hen,EYE
hen,Eye
hendumaica,sharp-eye[d]
hendumaica,SHARP-EYE[D]
hendumaica,Sharp-eye[d]
henfanwa,eye-screen
henfanwa,EYE-SCREEN
henfanwa,Eye-screen
henfanwa,veil upon eyes
henfanwa,VEIL UPON EYES
henfanwa,Veil upon eyes
henta-,to eye
henta-,TO EYE
henta-,To eye
henta-,examine
henta-,EXAMINE
henta-,Examine
henta-,read
henta-,READ
henta-,Read
henta-,scan
henta-,SCAN
henta-,Scan
hententa-,to spot with eye
hententa-,TO SPOT WITH EYE
hententa-,To spot with eye
hentië,reading
hentië,READING
hentië,Reading
heren,order
heren,ORDER
heren,Order
heri,lady
heri,LADY
heri,Lady
hérincë,*little lady
hérincë,*LITTLE LADY
heru,lord
heru,LORD
heru,Lord
heru,master
heru,MASTER
heru,Master
hér,lord
hér,LORD
hér,Lord
hí,here
hí,HERE
hí,Here
hildë,heir
hildë,HEIR
hildë,Heir
hildë,follower
hildë,FOLLOWER
hildë,Follower
hína,child
hína,CHILD
hína,Child
sén,child
sén,CHILD
sén,Child
hir-,to find
hir-,TO FIND
hir-,To find
hísë,mist
hísë,MIST
hísë,Mist
hísië,mist
hísië,MIST
hísië,Mist
hísië,mistiness
hísië,MISTINESS
hísië,Mistiness
hísilanya,mist thread
hísilanya,MIST THREAD
hísilanya,Mist thread
hísilanya,grey elvish rope
hísilanya,GREY ELVISH ROPE
hísilanya,Grey elvish rope
Hísimë,November
Hísimë,november
Hísimë,NOVEMBER
Hísimë,*Misty-one
Hísimë,*misty-one
Hísimë,*MISTY-ONE
Hísimë,*misty-one
hlapu-,to blow
hlapu-,TO BLOW
hlapu-,To blow
hlapu-,fly
hlapu-,FLY
hlapu-,Fly
hlapu-,stream in the wind
hlapu-,STREAM IN THE WIND
hlapu-,Stream in the wind
hlar-,to hear
hlar-,TO HEAR
hlar-,To hear
hlas,ear
hlas,EAR
hlas,Ear
hlimbë,sliding
hlimbë,SLIDING
hlimbë,Sliding
hlimbë,gliding
hlimbë,GLIDING
hlimbë,Gliding
hlimbë,slippery
hlimbë,SLIPPERY
hlimbë,Slippery
hlimbë,sleek
hlimbë,SLEEK
hlimbë,Sleek
hlöa,flood
hlöa,FLOOD
hlöa,Flood
hlöa,fenland
hlöa,FENLAND
hlöa,Fenland
hlócë,reptile
hlócë,REPTILE
hlócë,Reptile
hlócë,snake
hlócë,SNAKE
hlócë,Snake
hlócë,serpent
hlócë,SERPENT
hlócë,Serpent
hlócë,worm
hlócë,WORM
hlócë,Worm
lócë²,snake
lócë²,SNAKE
lócë²,Snake
lócë²,serpent
lócë²,SERPENT
lócë²,Serpent
hloima,poison
hloima,POISON
hloima,Poison
hloima,poisonous substance
hloima,POISONOUS SUBSTANCE
hloima,Poisonous substance
hloirë,venom
hloirë,VENOM
hloirë,Venom
hloirë,poison
hloirë,POISON
hloirë,Poison
hloirë,poisonousness
hloirë,POISONOUSNESS
hloirë,Poisonousness
hloirëa,venomous
hloirëa,VENOMOUS
hloirëa,Venomous
hloita-,to poison
hloita-,TO POISON
hloita-,To poison
hloita-,envenom
hloita-,ENVENOM
hloita-,Envenom
hloita-,fill with poison
hloita-,FILL WITH POISON
hloita-,Fill with poison
hlón(a),noise
hlón(a),NOISE
hlón(a),Noise
hlón(a),sound
hlón(a),SOUND
hlón(a),Sound
hlonitë,phonetic
hlonitë,PHONETIC
hlonitë,Phonetic
hlonaitë,phonetic
hlonaitë,PHONETIC
hlonaitë,Phonetic
hlúvo,greasy
hlúvo,GREASY
hlúvo,Greasy
hlúvo,fat
hlúvo,FAT
hlúvo,Fat
lúvo,greasy
lúvo,GREASY
lúvo,Greasy
lúvo,fat
lúvo,FAT
lúvo,Fat
höa,big
höa,BIG
höa,Big
höa,large
höa,LARGE
höa,Large
hócir-,to cut off (so as to have
hócir-,TO CUT OFF (SO AS TO HAVE
hócir-,To cut off (so as to have
hócir-,use a required portion)
hócir-,USE A REQUIRED PORTION)
hócir-,Use a required portion)
holla,?shut
holla,?SHUT
holma,?shut
holma,?SHUT
holmo,sincerely
holmo,SINCERELY
holmo,Sincerely
holmo,heartily
holmo,HEARTILY
holmo,Heartily
holya-,?to shut
holya-,?TO SHUT
holya-,close
holya-,CLOSE
holya-,Close
holta-,?to shut
holta-,?TO SHUT
holta-,close
holta-,CLOSE
holta-,Close
hón,heart (physical organ)
hón,HEART (PHYSICAL ORGAN)
hón,Heart (physical organ)
honda,hearted
honda,HEARTED
honda,Hearted
hondo,[metaphorical] heart
hondo,[METAPHORICAL] HEART
hondo,(seat of the) deepest feelings
hondo,(SEAT OF THE) DEEPEST FEELINGS
hondoringa,cold-hearted
hondoringa,COLD-HEARTED
hondoringa,Cold-hearted
hosta-,to gather (hastily together)
hosta-,TO GATHER (HASTILY TOGETHER)
hosta-,To gather (hastily together)
hosta-,collect
hosta-,COLLECT
hosta-,Collect
hosta-,assemble
hosta-,ASSEMBLE
hosta-,Assemble
hosta-,pile up
hosta-,PILE UP
hosta-,Pile up
hótul-,to come away (to leave a place and go to another)
hótul-,TO COME AWAY (TO LEAVE A PLACE AND GO TO ANOTHER)
hótul-,To come away (to leave a place and go to another)
hrai(a)¹,awkward
hrai(a)¹,AWKWARD
hrai(a)¹,Awkward
hrai(a)¹,difficult
hrai(a)¹,DIFFICULT
hrai(a)¹,Difficult
hrai(a)¹,stiff
hrai(a)¹,STIFF
hrai(a)¹,Stiff
hrai,awkward
hrai,AWKWARD
hrai,Awkward
hrai,difficult
hrai,DIFFICULT
hrai,Difficult
hrai,stiff
hrai,STIFF
hrai,Stiff
hrai(a)²,easy
hrai(a)²,EASY
hrai(a)²,Easy
hraicénima,scarcely visible
hraicénima,SCARCELY VISIBLE
hraicénima,Scarcely visible
hraicénima,hard to see
hraicénima,HARD TO SEE
hraicénima,Hard to see
hraicenë,scarcely visible
hraicenë,SCARCELY VISIBLE
hraicenë,Scarcely visible
hraicenë,hard to see
hraicenë,HARD TO SEE
hraicenë,Hard to see
hrainotë,*hard to count
hrainotë,*HARD TO COUNT
hranga,awkward
hranga,AWKWARD
hranga,Awkward
hranga,difficult
hranga,DIFFICULT
hranga,Difficult
hranga,stiff
hranga,STIFF
hranga,Stiff
hranga,hard
hranga,HARD
hranga,Hard
hranga-,to thwart
hranga-,TO THWART
hranga-,To thwart
hróva²,savage
hróva²,SAVAGE
hróva²,Savage
hróva²,wild
hróva²,WILD
hróva²,Wild
hravan,wild beast
hravan,WILD BEAST
hravan,Wild beast
hrávë,flesh
hrávë,FLESH
hrávë,Flesh
hresta,beach
hresta,BEACH
hresta,Beach
hresta,shore
hresta,SHORE
hresta,Shore
hriz-,to snow
hriz-,TO SNOW
hriz-,To snow
hrisya-,to snow (impersonal)
hrisya-,TO SNOW (IMPERSONAL)
hrisya-,To snow (impersonal)
hrissë,fall of snow
hrissë,FALL OF SNOW
hrissë,Fall of snow
hristil,snow (?peak)
hristil,SNOW (?PEAK)
hristil,Snow (?peak)
hrívë,winter
hrívë,WINTER
hrívë,Winter
hröa,body
hröa,BODY
hröa,Body
hröa,bodily form
hröa,BODILY FORM
hröa,Bodily form
hröa,flesh; physical matter
hröa,FLESH; PHYSICAL MATTER
hröa,Flesh; physical matter
hrondo,(physical) body
hrondo,(PHYSICAL) BODY
hrondo,corporeal form
hrondo,CORPOREAL FORM
hrondo,Corporeal form
hröafelmë,*body-impulse
hröafelmë,*BODY-IMPULSE
hröangolmë,lore of the body and arts of healing
hröangolmë,LORE OF THE BODY AND ARTS OF HEALING
hröangolmë,Lore of the body and arts of healing
(h)róna,eastern
(h)róna,EASTERN
(h)róna,Eastern
(h)róna,east
(h)róna,EAST
(h)róna,East
róna,east
róna,EAST
róna,East
hróta,dwelling underground
hróta,DWELLING UNDERGROUND
hróta,Dwelling underground
hróta,artificial cave
hróta,ARTIFICIAL CAVE
hróta,Artificial cave
hróta,rockhewn hall
hróta,ROCKHEWN HALL
hróta,Rockhewn hall
hrúcarë,evil-doing
hrúcarë,EVIL-DOING
hrúcarë,Evil-doing
rúcare,evil-doing
rúcare,EVIL-DOING
rúcare,Evil-doing
hruo,*wickedness
hruo,*WICKEDNESS
hrú(y)a,evil
hrú(y)a,EVIL
hrú(y)a,Evil
hrú(y)a,wicked
hrú(y)a,WICKED
hrú(y)a,Wicked
hú,hound (or ?heart)
hú,HOUND (OR ?HEART)
hú,Hound (or ?heart)
hó,hound (or ?heart)
hó,HOUND (OR ?HEART)
hó,Hound (or ?heart)
huinë,gloom
huinë,GLOOM
huinë,Gloom
huinë,(unrelieved) darkness
huinë,(UNRELIEVED) DARKNESS
huinë,deep shadow
huinë,DEEP SHADOW
huinë,Deep shadow
huinë,night shade; dark (as a substance)
huinë,NIGHT SHADE; DARK (AS A SUBSTANCE)
huinë,Night shade; dark (as a substance)
húna,cursed
húna,CURSED
húna,Cursed
húna,accursed
húna,ACCURSED
húna,Accursed
húta-,to curse
húta-,TO CURSE
húta-,To curse
hwal-,to wash
hwal-,TO WASH
hwal-,To wash
hwarwa,violent wind
hwarwa,VIOLENT WIND
hwarwa,Violent wind
hwá,violent wind
hwá,VIOLENT WIND
hwá,Violent wind
hwermë,gesture-code
hwermë,GESTURE-CODE
hwermë,Gesture-code
hwesta,breeze
hwesta,BREEZE
hwesta,Breeze
hwesta sindarinwa,Grey-elven hw
hwesta sindarinwa,grey-elven hw
hwesta sindarinwa,GREY-ELVEN HW
hwindë,birch
hwindë,BIRCH
hwindë,Birch
hwirya-,to wither
hwirya-,TO WITHER
hwirya-,To wither
hyam-,*to pray
hyam-,*TO PRAY
arca-,*to pray
arca-,*TO PRAY
arca-,petition
arca-,PETITION
arca-,Petition
kyermë,prayer
kyermë,PRAYER
kyermë,Prayer
hyana,other
hyana,OTHER
hyana,Other
exa,other
exa,OTHER
exa,Other
hyando,cleaver
hyando,CLEAVER
hyando,Cleaver
hyanda,pressed mass
hyanda,PRESSED MASS
hyanda,Pressed mass
hyanda,crowd
hyanda,CROWD
hyanda,Crowd
hyarna²,compact
hyarna²,COMPACT
hyarna²,Compact
hyanna,compact
hyanna,COMPACT
hyanna,Compact
hyarma,left-hand [side]
hyarma,LEFT-HAND [SIDE]
hyarma,Left-hand [side]
hyarmen,south
hyarmen,SOUTH
hyarmen,South
hyarmen,(lit.) left-hand direction
hyarmen,(LIT.) LEFT-HAND DIRECTION
hyarna¹,southern
hyarna¹,SOUTHERN
hyarna¹,Southern
exe,the other
exe,THE OTHER
exe,The other
hyero,wine
hyero,WINE
hyero,Wine
ilaurëa,*daily
ilaurëa,*DAILY
ilyarëa,*daily
ilyarëa,*DAILY
ilca-,to gleam (white)
ilca-,TO GLEAM (WHITE)
ilca-,To gleam (white)
illumë,*always
illumë,*ALWAYS
ilquárëa,general
ilquárëa,GENERAL
ilquárëa,General
ilu,everything
ilu,EVERYTHING
ilu,Everything
ilu,all
ilu,ALL
ilu,All
ilu,the whole
ilu,THE WHOLE
ilu,The whole
ilucara,omnificent
ilucara,OMNIFICENT
ilucara,Omnificent
iluisa,omniscient
iluisa,OMNISCIENT
iluisa,Omniscient
ilúvala,omnipotent
ilúvala,OMNIPOTENT
ilúvala,Omnipotent
ilúvë,the whole
ilúvë,THE WHOLE
ilúvë,The whole
ilúvë,the all
ilúvë,THE ALL
ilúvë,The all
ilúvë,allness
ilúvë,ALLNESS
ilúvë,Allness
ilvan(y)a,perfect
ilvan(y)a,PERFECT
ilvan(y)a,Perfect
ilya,every
ilya,EVERY
ilya,Every
ilya,each
ilya,EACH
ilya,Each
ilya,all (of a particular group of things)
ilya,ALL (OF A PARTICULAR GROUP OF THINGS)
ilya,All (of a particular group of things)
ilyë,all
ilyë,ALL
ilyë,All
imbë²,deep valley
imbë²,DEEP VALLEY
imbë²,Deep valley
imbë²,wide ravine
imbë²,WIDE RAVINE
imbë²,Wide ravine
imbë²,(lit.) tween-land
imbë²,(LIT.) TWEEN-LAND
imbilat,*deep valley
imbilat,*DEEP VALLEY
imya,same
imya,SAME
imya,Same
imya,identical
imya,IDENTICAL
imya,Identical
imya,self-same
imya,SELF-SAME
imya,Self-same
incánu,mind master
incánu,MIND MASTER
incánu,Mind master
incánussë,mind mastership
incánussë,MIND MASTERSHIP
incánussë,Mind mastership
indemma,mind-picture (of apparition in dream)
indemma,MIND-PICTURE (OF APPARITION IN DREAM)
indemma,Mind-picture (of apparition in dream)
indil,lily
indil,LILY
indil,Lily
indil,other large single flower
indil,OTHER LARGE SINGLE FLOWER
indil,Other large single flower
insil,flower
insil,FLOWER
insil,Flower
insil,lily
insil,LILY
insil,Lily
indis,wife
indis,WIFE
indis,Wife
indo,(state of) mind
indo,(STATE OF) MIND
indo,(inner) thought
indo,(INNER) THOUGHT
indo,mood; will
indo,MOOD; WILL
indo,Mood; will
indo,resolve
indo,RESOLVE
indo,Resolve
indómë,settled character; will of Eru
indómë,settled character; will of eru
indómë,SETTLED CHARACTER; WILL OF ERU
indómë,Settled character; will of eru
indu-,to will
indu-,TO WILL
indu-,To will
indu-,do on purpose
indu-,DO ON PURPOSE
indu-,Do on purpose
induinen,purpose
induinen,PURPOSE
induinen,Purpose
indyel,small bell
indyel,SMALL BELL
indyel,Small bell
inga,top
inga,TOP
inga,Top
inga,highest point
inga,HIGHEST POINT
inga,Highest point
ingaran,high-king
ingaran,HIGH-KING
ingaran,High-king
ingolë,lore
ingolë,LORE
ingolë,Lore
ingolë,science
ingolë,SCIENCE
ingolë,Science
ingolë,philosophy
ingolë,PHILOSOPHY
ingolë,Philosophy
ingolmo,loremaster
ingolmo,LOREMASTER
ingolmo,Loremaster
ingolmo,wizard
ingolmo,WIZARD
ingolmo,Wizard
ingolmo,one with very great knowledge
ingolmo,ONE WITH VERY GREAT KNOWLEDGE
ingolmo,One with very great knowledge
ingor,summit of a mountain
ingor,SUMMIT OF A MOUNTAIN
ingor,Summit of a mountain
inwalmë,mood of mind
inwalmë,MOOD OF MIND
inwalmë,Mood of mind
inwis,change of mind/mood
inwis,CHANGE OF MIND/MOOD
inwis,Change of mind/mood
ipsin,fine thread
ipsin,FINE THREAD
ipsin,Fine thread
írë,desire
írë,DESIRE
írë,Desire
írima,desirable
írima,DESIRABLE
írima,Desirable
írima,lovely
írima,LOVELY
írima,Lovely
írima,beautiful
írima,BEAUTIFUL
írima,Beautiful
Isil,Moon
Isil,moon
Isil,MOON
Isil,(lit.) Sheen
Isil,(lit.) sheen
Isil,(LIT.) SHEEN
Isil,(lit.) sheen
isilmë,moonlight
isilmë,MOONLIGHT
isilmë,Moonlight
Isilya,*Monday
Isilya,*monday
Isilya,*MONDAY
Isilya,*monday
Isilya,Moon-day
Isilya,moon-day
Isilya,MOON-DAY
ista-,to know
ista-,TO KNOW
ista-,To know
istima,wise (in sense knowing very much)
istima,WISE (IN SENSE KNOWING VERY MUCH)
istima,Wise (in sense knowing very much)
istima,knowledgeable
istima,KNOWLEDGEABLE
istima,Knowledgeable
istima,very well informed
istima,VERY WELL INFORMED
istima,Very well informed
istima,learned
istima,LEARNED
istima,Learned
ita-,to sparkle
ita-,TO SPARKLE
ita-,To sparkle
íta¹,flash
íta¹,FLASH
íta¹,Flash
íta²,very
íta²,VERY
íta²,Very
íta²,extremely; (lit.) multiplied
íta²,EXTREMELY; (LIT.) MULTIPLIED
íta²,Extremely; (lit.) multiplied
íta²,increased
íta²,INCREASED
íta²,Increased
itara,gleaming
itara,GLEAMING
itara,Gleaming
itas,in that case
itas,IN THAT CASE
itas,In that case
it(ë),if
it(ë),IF
it(ë),If
itila,twinkling
itila,TWINKLING
itila,Twinkling
itila,glinting
itila,GLINTING
itila,Glinting
lá-,to not be
lá-,TO NOT BE
lá-,To not be
lá¹,no
lá¹,NO
lá¹,No
lá¹,not
lá¹,NOT
lá¹,Not
lacalima,not possible to be kindled (made to shine)
lacalima,NOT POSSIBLE TO BE KINDLED (MADE TO SHINE)
lacalima,Not possible to be kindled (made to shine)
lacaltaima,not possible to be kindled
lacaltaima,NOT POSSIBLE TO BE KINDLED
lacaltaima,Not possible to be kindled
lacaraitë,impossible
lacaraitë,IMPOSSIBLE
lacaraitë,Impossible
lacarë,inaction
lacarë,INACTION
lacarë,Inaction
lacarë,(lit.) not-doing
lacarë,(LIT.) NOT-DOING
lacárima,not feasible
lacárima,NOT FEASIBLE
lacárima,Not feasible
lacárima,impossible
lacárima,IMPOSSIBLE
lacárima,Impossible
lacarina,undone
lacarina,UNDONE
lacarina,Undone
lacenítë,unseeing
lacenítë,UNSEEING
lacenítë,Unseeing
lacenítë,blind
lacenítë,BLIND
lacenítë,Blind
lahta-,to cross
lahta-,TO CROSS
lahta-,To cross
lahta-,pass over
lahta-,PASS OVER
lahta-,Pass over
lahta-,go over; to surpass
lahta-,GO OVER; TO SURPASS
lahta-,Go over; to surpass
lahta-,excel
lahta-,EXCEL
lahta-,Excel
langa-,to cross
langa-,TO CROSS
langa-,To cross
langa-,go over
langa-,GO OVER
langa-,Go over
langa-,pass over
langa-,PASS OVER
langa-,Pass over
lanya-²,to cross
lanya-²,TO CROSS
lanya-²,To cross
laica,green
laica,GREEN
laica,Green
laiqua,green
laiqua,GREEN
laiqua,Green
laicalassë,green-leaf
laicalassë,GREEN-LEAF
laicalassë,Green-leaf
laicalassë,green as leaves
laicalassë,GREEN AS LEAVES
laicalassë,Green as leaves
laima,plant
laima,PLANT
laima,Plant
laiquë,herb
laiquë,HERB
laiquë,Herb
lairë,summer
lairë,SUMMER
lairë,Summer
lairelossë,summer-snow-white
lairelossë,SUMMER-SNOW-WHITE
lairelossë,Summer-snow-white
lairelossë,species of tree in Númenor
lairelossë,species of tree in númenor
lairelossë,SPECIES OF TREE IN NÚMENOR
lairelossë,Species of tree in númenor
lairus,verdigris
lairus,VERDIGRIS
lairus,Verdigris
laista,ignorance
laista,IGNORANCE
laista,Ignorance
laista,(lit.) not-knowing
laista,(LIT.) NOT-KNOWING
laistila,ignorant
laistila,IGNORANT
laistila,Ignorant
laistëa,ignorant
laistëa,IGNORANT
laistëa,Ignorant
laita-,to praise
laita-,TO PRAISE
laita-,To praise
laita-,bless
laita-,BLESS
laita-,Bless
laitalë,praise
laitalë,PRAISE
laitalë,Praise
lala-,to laugh
lala-,TO LAUGH
lala-,To laugh
láma,sound
láma,SOUND
láma,Sound
laman,animal
laman,ANIMAL
laman,Animal
lamate,fasting
lamate,FASTING
lamate,Fasting
lamate,a fast
lamate,A FAST
lamate,A fast
lámatyávë,*sound-taste
lámatyávë,*SOUND-TASTE
lamba,(physical) tongue
lamba,(PHYSICAL) TONGUE
lambë,language
lambë,LANGUAGE
lambë,Language
lambë,tongue
lambë,TONGUE
lambë,Tongue
lambë,dialect
lambë,DIALECT
lambë,Dialect
lambelë,phonetics
lambelë,PHONETICS
lambelë,Phonetics
lambetengwë,consonant
lambetengwë,CONSONANT
lambetengwë,Consonant
lambina,of tongue
lambina,OF TONGUE
lambina,Of tongue
lambina,spoken with tongue
lambina,SPOKEN WITH TONGUE
lambina,Spoken with tongue
lamélima,unlovable
lamélima,UNLOVABLE
lamélima,Unlovable
lamma-,?to echo
lamma-,?TO ECHO
lanca,sharp edge (not of tools)
lanca,SHARP EDGE (NOT OF TOOLS)
lanca,Sharp edge (not of tools)
lanca,sudden end
lanca,SUDDEN END
lanca,Sudden end
landa¹,wide
landa¹,WIDE
landa¹,Wide
landa²,boundary
landa²,BOUNDARY
landa²,Boundary
lanë,hem
lanë,HEM
lanë,Hem
langa,thing that crosses
langa,THING THAT CROSSES
langa,Thing that crosses
langa,ferry
langa,FERRY
langa,Ferry
langa,ford
langa,FORD
langa,Ford
langa,crossway
langa,CROSSWAY
langa,Crossway
langa,bridge
langa,BRIDGE
langa,Bridge
langa,cross-bar
langa,CROSS-BAR
langa,Cross-bar
langë,surpassingly
langë,SURPASSINGLY
langë,Surpassingly
langë,superlatively
langë,SUPERLATIVELY
langë,Superlatively
langë,extremely
langë,EXTREMELY
langë,Extremely
lango,neck
lango,NECK
lango,Neck
lanotoitë,innumerable
lanotoitë,INNUMERABLE
lanotoitë,Innumerable
lanta-,to fall
lanta-,TO FALL
lanta-,To fall
lantalca,boundary post
lantalca,BOUNDARY POST
lantalca,Boundary post
lantalca,mark
lantalca,MARK
lantalca,Mark
lantë,fall
lantë,FALL
lantë,Fall
lanwa,within bounds
lanwa,WITHIN BOUNDS
lanwa,Within bounds
lanwa,limited
lanwa,LIMITED
lanwa,Limited
lanwa,finite
lanwa,FINITE
lanwa,Finite
lanwa,(well-)defined
lanwa,(WELL-)DEFINED
lanya,thread
lanya,THREAD
lanya,Thread
lanya,warp
lanya,WARP
lanya,Warp
lanya-¹,to bound
lanya-¹,TO BOUND
lanya-¹,To bound
lanya-¹,enclose
lanya-¹,ENCLOSE
lanya-¹,Enclose
lanya-¹,separate from
lanya-¹,SEPARATE FROM
lanya-¹,Separate from
lanya-¹,mark the limit of
lanya-¹,MARK THE LIMIT OF
lanya-¹,Mark the limit of
laptë,gluttonous eating
laptë,GLUTTONOUS EATING
laptë,Gluttonous eating
láquet-,to deny (fact
láquet-,TO DENY (FACT
láquet-,To deny (fact
láquet-,accusation); (lit.) to say ‘it is not’
láquet-,ACCUSATION); (LIT.) TO SAY ‘IT IS NOT’
láquet-,Accusation); (lit.) to say ‘it is not’
lár,league; †stop
lár,LEAGUE; †STOP
lár,League; †stop
lár,pause
lár,PAUSE
lár,Pause
larma,raiment
larma,RAIMENT
larma,Raiment
larmo,listener (spy
larmo,LISTENER (SPY
larmo,Listener (spy
larmo,scout)
larmo,SCOUT)
larmo,Scout)
las,it is/was not so
las,IT IS/WAS NOT SO
las,It is/was not so
lassë,leaf
lassë,LEAF
lassë,Leaf
lasselanta,(late) autumn
lasselanta,(LATE) AUTUMN
lasselanta,(lit.) leaf-fall
lasselanta,(LIT.) LEAF-FALL
lassewinta,leaf fall
lassewinta,LEAF FALL
lassewinta,Leaf fall
lassewinta,autumn
lassewinta,AUTUMN
lassewinta,Autumn
lassewinta,*(lit.) leaf blowing
lassewinta,*(LIT.) LEAF BLOWING
lasta-,to listen
lasta-,TO LISTEN
lasta-,To listen
láta,open (not closed)
láta,OPEN (NOT CLOSED)
láta,Open (not closed)
látie,openness
látie,OPENNESS
látie,Openness
latina,free (of movement)
latina,FREE (OF MOVEMENT)
latina,Free (of movement)
latina,not encumbered with obstacles
latina,NOT ENCUMBERED WITH OBSTACLES
latina,Not encumbered with obstacles
latya,opening
latya,OPENING
latya,Opening
latya-,to open anything (so as to allow entry)
latya-,TO OPEN ANYTHING (SO AS TO ALLOW ENTRY)
latya-,To open anything (so as to allow entry)
lauca,*warm
lauca,*WARM
laurë,gold (light
laurë,GOLD (LIGHT
laurë,Gold (light
laurë,colour)
laurë,COLOUR)
laurë,Colour)
laurëa,golden (of hue)
laurëa,GOLDEN (OF HUE)
laurëa,Golden (of hue)
laurinquë,yellow-flowered tree
laurinquë,YELLOW-FLOWERED TREE
laurinquë,Yellow-flowered tree
lauya-,to flourish (green)
lauya-,TO FLOURISH (GREEN)
lauya-,To flourish (green)
lauya-,grow
lauya-,GROW
lauya-,Grow
lav-,to lick
lav-,TO LICK
lav-,To lick
lávar,(golden) blossom
lávar,(GOLDEN) BLOSSOM
löar,(golden) blossom
löar,(GOLDEN) BLOSSOM
lé¹,way
lé¹,WAY
lé¹,Way
lé¹,method
lé¹,METHOD
lé¹,Method
lé¹,manner
lé¹,MANNER
lé¹,Manner
lehta,free
lehta,FREE
lehta,Free
lehta,released
lehta,RELEASED
lehta,Released
lélë,will
lélë,WILL
lélë,Will
lelta-,to send
lelta-,TO SEND
lelta-,To send
lelta-,*(lit.) cause to go
lelta-,*(LIT.) CAUSE TO GO
leluya,thick (of a single thing)
leluya,THICK (OF A SINGLE THING)
leluya,Thick (of a single thing)
lelya,delicate
lelya,DELICATE
lelya,Delicate
lelya,beautiful and fine
lelya,BEAUTIFUL AND FINE
lelya,Beautiful and fine
lelya,slender
lelya,SLENDER
lelya,Slender
lelya,lovely
lelya,LOVELY
lelya,Lovely
lelya-¹,to go
lelya-¹,TO GO
lelya-¹,To go
lelya-¹,proceed (in any direction)
lelya-¹,PROCEED (IN ANY DIRECTION)
lelya-¹,Proceed (in any direction)
lelya-¹,travel
lelya-¹,TRAVEL
lelya-¹,Travel
lenna-,to come
lenna-,TO COME
lenna-,To come
lelya-²,to appear (of beautiful things); to attract
lelya-²,TO APPEAR (OF BEAUTIFUL THINGS); TO ATTRACT
lelya-²,To appear (of beautiful things); to attract
lelya-²,enchant (with dative)
lelya-²,ENCHANT (WITH DATIVE)
lelya-²,Enchant (with dative)
lelya-⁴,to will with conscious purpose
lelya-⁴,TO WILL WITH CONSCIOUS PURPOSE
lelya-⁴,To will with conscious purpose
lelya-⁴,immediate
lelya-⁴,IMMEDIATE
lelya-⁴,Immediate
lelya-⁴,remote
lelya-⁴,REMOTE
lelya-⁴,Remote
lenda,journey
lenda,JOURNEY
lenda,Journey
lenda-,to go free
lenda-,TO GO FREE
lenda-,To go free
lenga-,to behave
lenga-,TO BEHAVE
lenga-,To behave
lengë,gesture
lengë,GESTURE
lengë,Gesture
lengë,characteristic look
lengë,CHARACTERISTIC LOOK
lengë,Characteristic look
lengë,gesture
lengë,GESTURE
lengë,Gesture
lengë,trait
lengë,TRAIT
lengë,Trait
lengwë,yearning
lengwë,YEARNING
lengwë,Yearning
lengwë,desire for what is lost
lengwë,DESIRE FOR WHAT IS LOST
lengwë,Desire for what is lost
lengwë,absent
lengwë,ABSENT
lengwë,Absent
lenta,free
lenta,FREE
lenta,Free
lenwë,leaving
lenwë,LEAVING
lenwë,Leaving
lenwë,departure
lenwë,DEPARTURE
lenwë,Departure
lenweta-,to go away
lenweta-,TO GO AWAY
lenweta-,To go away
lenweta-,migrate
lenweta-,MIGRATE
lenweta-,Migrate
lenweta-,leave one’s abode
lenweta-,LEAVE ONE’S ABODE
lenweta-,Leave one’s abode
lepecan,fourth finger
lepecan,FOURTH FINGER
lepecan,Fourth finger
cantil,fourth finger
cantil,FOURTH FINGER
cantil,Fourth finger
lepente,fourth finger
lepente,FOURTH FINGER
lepente,Fourth finger
lependë,middle finger
lependë,MIDDLE FINGER
lependë,Middle finger
enestil,*middle finger
enestil,*MIDDLE FINGER
eneldë,*middle finger
eneldë,*MIDDLE FINGER
enellë,*middle finger
enellë,*MIDDLE FINGER
lepenel,middle finger
lepenel,MIDDLE FINGER
lepenel,Middle finger
leper,finger
leper,FINGER
leper,Finger
lepsë,*finger
lepsë,*FINGER
lepetas,index finger
lepetas,INDEX FINGER
lepetas,Index finger
leptas,*index finger
leptas,*INDEX FINGER
tastil,*index finger
tastil,*INDEX FINGER
lepetta,Gondorian hardwood
lepetta,gondorian hardwood
lepetta,GONDORIAN HARDWOOD
lepincë,little finger
lepincë,LITTLE FINGER
lepincë,Little finger
lepinca,little finger
lepinca,LITTLE FINGER
lepinca,Little finger
nihtil,little [finger]
nihtil,LITTLE [FINGER]
nihtil,Little [finger]
leuta,finger
leuta,FINGER
leuta,Finger
lepta-,to pick (up/out); to finger
lepta-,TO PICK (UP/OUT); TO FINGER
lepta-,To pick (up/out); to finger
lepta-,feel with the fingertips
lepta-,FEEL WITH THE FINGERTIPS
lepta-,Feel with the fingertips
leptafinya,clever-fingered
leptafinya,CLEVER-FINGERED
leptafinya,Clever-fingered
leptenta-,*to point to
leptenta-,*TO POINT TO
leptenta-,indicate with finger
leptenta-,INDICATE WITH FINGER
leptenta-,Indicate with finger
léra,free (of persons)
léra,FREE (OF PERSONS)
léra,Free (of persons)
lerina,free (of things)
lerina,FREE (OF THINGS)
lerina,Free (of things)
lerta-,to be free to do
lerta-,TO BE FREE TO DO
lerta-,To be free to do
lerya-,to release
lerya-,TO RELEASE
lerya-,To release
lerya-,set free
lerya-,SET FREE
lerya-,Set free
lerya-,let go
lerya-,LET GO
lerya-,Let go
lesta,*girdle
lesta,*GIRDLE
leuca,snake
leuca,SNAKE
leuca,Snake
líco,wax
líco,WAX
líco,Wax
lícuma,taper
lícuma,TAPER
lícuma,Taper
lícuma,candle
lícuma,CANDLE
lícuma,Candle
lië,people
lië,PEOPLE
lië,People
lië,folk
lië,FOLK
lië,Folk
lillassëa,having many leaves
lillassëa,HAVING MANY LEAVES
lillassëa,Having many leaves
lilómëa,many-shadowed
lilómëa,MANY-SHADOWED
lilómëa,Many-shadowed
lilómëa,very dark
lilómëa,VERY DARK
lilómëa,Very dark
lilómëa,full of darkness
lilómëa,FULL OF DARKNESS
lilómëa,Full of darkness
lilótëa,having many flowers
lilótëa,HAVING MANY FLOWERS
lilótëa,Having many flowers
lilta-,to dance
lilta-,TO DANCE
lilta-,To dance
limbë,quick
limbë,QUICK
limbë,Quick
limbë,swift
limbë,SWIFT
limbë,Swift
limë,link
limë,LINK
limë,Link
limpa,frail
limpa,FRAIL
limpa,Frail
limpa,slender and drooping
limpa,SLENDER AND DROOPING
limpa,Slender and drooping
linda,beautiful (of sound)
linda,BEAUTIFUL (OF SOUND)
linda,Beautiful (of sound)
linda,sweet
linda,SWEET
linda,Sweet
linda,melodious; soft
linda,MELODIOUS; SOFT
linda,Melodious; soft
linda,gentle
linda,GENTLE
linda,Gentle
linda,light
linda,LIGHT
linda,Light
linda-,*to sing
linda-,*TO SING
linda-,make music
linda-,MAKE MUSIC
linda-,Make music
lindalë,music
lindalë,MUSIC
lindalë,Music
lindë,singing
lindë,SINGING
lindë,Singing
lindë,song
lindë,SONG
lindë,Song
lindë,musical sound
lindë,MUSICAL SOUND
lindë,Musical sound
lindimaitar,composer
lindimaitar,COMPOSER
lindimaitar,Composer
lindimaitar,musician
lindimaitar,MUSICIAN
lindimaitar,Musician
linga-,*to hang
linga-,*TO HANG
linga-,dangle
linga-,DANGLE
linga-,Dangle
lingë,musical sound
lingë,MUSICAL SOUND
lingë,Musical sound
lingëa,with a musical sound
lingëa,WITH A MUSICAL SOUND
lingëa,With a musical sound
lingwë,fish
lingwë,FISH
lingwë,Fish
linquë¹,(leaf of a) hyacinth
linquë¹,(LEAF OF A) HYACINTH
linta,swift
linta,SWIFT
linta,Swift
lir-,to sing
lir-,TO SING
lir-,To sing
liralë,merry singing
liralë,MERRY SINGING
liralë,Merry singing
lírë,song
lírë,SONG
lírë,Song
liru-,to sing
liru-,TO SING
liru-,To sing
lirulin,lark
lirulin,LARK
lirulin,Lark
aimenal,lark
aimenal,LARK
aimenal,Lark
lís,honey
lís,HONEY
lís,Honey
lissë¹,sweet
lissë¹,SWEET
lissë¹,Sweet
lissë²,grace
lissë²,GRACE
lissë²,Grace
liyúmë,host
liyúmë,HOST
liyúmë,Host
löa,(seasonal) year
löa,(SEASONAL) YEAR
löa,(lit.) (time of) growth
löa,(LIT.) (TIME OF) GROWTH
löa,blooming
löa,BLOOMING
löa,Blooming
lócë¹,bight
lócë¹,BIGHT
lócë¹,Bight
lócë¹,bend
lócë¹,BEND
lócë¹,Bend
lócë¹,curl of hair
lócë¹,CURL OF HAIR
lócë¹,Curl of hair
locin,bent
locin,BENT
locin,Bent
loëndë,mid-year (Númenórean calendar)
loëndë,mid-year (númenórean calendar)
loëndë,MID-YEAR (NÚMENÓREAN CALENDAR)
loëndë,Mid-year (númenórean calendar)
loëndë,*(lit.) year-middle
loëndë,*(LIT.) YEAR-MIDDLE
loica,failing
loica,FAILING
loica,Failing
loica,short
loica,SHORT
loica,Short
loica,inadequate
loica,INADEQUATE
loica,Inadequate
loicarë,mistaken action
loicarë,MISTAKEN ACTION
loicarë,Mistaken action
loico,corpse
loico,CORPSE
loico,Corpse
loico,dead body
loico,DEAD BODY
loico,Dead body
loicolícuma,corpse-candle
loicolícuma,CORPSE-CANDLE
loicolícuma,Corpse-candle
loima,mistake
loima,MISTAKE
loima,Mistake
loiparë,mistake in writing
loiparë,MISTAKE IN WRITING
loiparë,Mistake in writing
loiquetë,mistake in speech
loiquetë,MISTAKE IN SPEECH
loiquetë,Mistake in speech
loita-,to miss
loita-,TO MISS
loita-,To miss
loita-,fail
loita-,FAIL
loita-,Fail
loita-,fall short of (transitive)
loita-,FALL SHORT OF (TRANSITIVE)
loita-,Fall short of (transitive)
lomba,blind
lomba,BLIND
lomba,Blind
lómë,night
lómë,NIGHT
lómë,Night
lómë,dimness
lómë,DIMNESS
lómë,Dimness
lómë,twilight
lómë,TWILIGHT
lómë,Twilight
lómë,dusk
lómë,DUSK
lómë,Dusk
lómë,darkness
lómë,DARKNESS
lómë,Darkness
lómëa,shadowed
lómëa,SHADOWED
lómëa,Shadowed
lómëa,gloomy
lómëa,GLOOMY
lómëa,Gloomy
lómelindë,nightingale
lómelindë,NIGHTINGALE
lómelindë,Nightingale
lómelindë,(lit.) dusk-singer
lómelindë,(LIT.) DUSK-SINGER
lomentie,?away-journey
lomentie,?AWAY-JOURNEY
lomentie,departure
lomentie,DEPARTURE
lomentie,Departure
lóna,(deep) pool
lóna,(DEEP) POOL
lóna,mere
lóna,MERE
lóna,Mere
lóna,river-feeding well
lóna,RIVER-FEEDING WELL
lóna,River-feeding well
lón(ë),deep pool
lón(ë),DEEP POOL
lón(ë),Deep pool
lón(ë),river-feeding well
lón(ë),RIVER-FEEDING WELL
lón(ë),River-feeding well
lú(n),*deep pool
lú(n),*DEEP POOL
londë,(land-locked) haven
londë,(LAND-LOCKED) HAVEN
londië,harbourage
londië,HARBOURAGE
londië,Harbourage
lónë,*isle
lónë,*ISLE
lopoldë,rabbit
lopoldë,RABBIT
lopoldë,Rabbit
lórë,dream
lórë,DREAM
lórë,Dream
lossë²,inflorescence (of white flowers)
lossë²,INFLORESCENCE (OF WHITE FLOWERS)
lossë²,Inflorescence (of white flowers)
lossëa,snowy
lossëa,SNOWY
lossëa,Snowy
lossëa,(snow) white
lossëa,(SNOW) WHITE
losta-,to bloom
losta-,TO BLOOM
losta-,To bloom
lótë,flower
lótë,FLOWER
lótë,Flower
lótë,single blossom
lótë,SINGLE BLOSSOM
lótë,Single blossom
Lótessë,May
Lótessë,may
Lótessë,MAY
Lótessë,*(lit.) Flower-ness
Lótessë,*(lit.) flower-ness
Lótessë,*(LIT.) FLOWER-NESS
Lótessë,*(lit.) flower-ness
lotsë,small (single) flower
lotsë,SMALL (SINGLE) FLOWER
lotsë,Small (single) flower
lottë,small flower
lottë,SMALL FLOWER
lottë,Small flower
luhta-,to bow
luhta-,TO BOW
luhta-,To bow
luimë,flood
luimë,FLOOD
luimë,Flood
luimë,floodwater
luimë,FLOODWATER
luimë,Floodwater
luimë,flooded land; flood tide
luimë,FLOODED LAND; FLOOD TIDE
luimë,Flooded land; flood tide
luimë,high tide
luimë,HIGH TIDE
luimë,High tide
luinë,blue
luinë,BLUE
luinë,Blue
luinincë,bluish
luinincë,BLUISH
luinincë,Bluish
luita-,to flood
luita-,TO FLOOD
luita-,To flood
luita-,inundate
luita-,INUNDATE
luita-,Inundate
luita-,drench
luita-,DRENCH
luita-,Drench
lumba,gloomy
lumba,GLOOMY
lumba,Gloomy
lumbo,cloud; gloom
lumbo,CLOUD; GLOOM
lumbo,Cloud; gloom
lumbo,dark
lumbo,DARK
lumbo,Dark
lumbo,shade
lumbo,SHADE
lumbo,Shade
lumbulë,dark shadow
lumbulë,DARK SHADOW
lumbulë,Dark shadow
lumbulë,heavy shadow; deep in shadow
lumbulë,HEAVY SHADOW; DEEP IN SHADOW
lumbulë,Heavy shadow; deep in shadow
lúmë¹,time
lúmë¹,TIME
lúmë¹,Time
lúmë¹,period of time
lúmë¹,PERIOD OF TIME
lúmë¹,Period of time
lúmë¹,hour
lúmë¹,HOUR
lúmë¹,Hour
lúmë²,darkness
lúmë²,DARKNESS
lúmë²,Darkness
lúmequentalëa,historical
lúmequentalëa,HISTORICAL
lúmequentalëa,Historical
lumincë,a little while
lumincë,A LITTLE WHILE
lumincë,A little while
lúna,*dark
lúna,*DARK
lunca,heavy transport wain
lunca,HEAVY TRANSPORT WAIN
lunca,Heavy transport wain
luqua,heavy transport wain
luqua,HEAVY TRANSPORT WAIN
luqua,Heavy transport wain
lungo,heavy
lungo,HEAVY
lungo,Heavy
lungumaitë,heavy-handed
lungumaitë,HEAVY-HANDED
lungumaitë,Heavy-handed
luntë,boat
luntë,BOAT
luntë,Boat
luppo,clumsy piece
luppo,CLUMSY PIECE
luppo,Clumsy piece
luppo,lump
luppo,LUMP
luppo,Lump
lut-,to float
lut-,TO FLOAT
lut-,To float
lúva,bow (in forming tengwar)
lúva,BOW (IN FORMING TENGWAR)
lúva,Bow (in forming tengwar)
lúva,bight
lúva,BIGHT
lúva,Bight
lúva,bend
lúva,BEND
lúva,Bend
lúva,curve
lúva,CURVE
lúva,Curve
má,hand
má,HAND
má,Hand
ma²,interrogative particle
ma²,INTERROGATIVE PARTICLE
ma²,Interrogative particle
mac-,to hew with a sword
mac-,TO HEW WITH A SWORD
mac-,To hew with a sword
macar,swordsman; †forger
macar,SWORDSMAN; †FORGER
macar,Swordsman; †forger
macil,sword
macil,SWORD
macil,Sword
macil,forged sword blade
macil,FORGED SWORD BLADE
macil,Forged sword blade
macil,cutting sword
macil,CUTTING SWORD
macil,Cutting sword
mahalma,throne
mahalma,THRONE
mahalma,Throne
mahta-,to handle
mahta-,TO HANDLE
mahta-,To handle
mahta-,wield
mahta-,WIELD
mahta-,Wield
mahta-,use
mahta-,USE
mahta-,Use
mahta-,make use of; to manage
mahta-,MAKE USE OF; TO MANAGE
mahta-,Make use of; to manage
mahta-,deal with
mahta-,DEAL WITH
mahta-,Deal with
mahta-,treat
mahta-,TREAT
mahta-,Treat
mahta-,control
mahta-,CONTROL
mahta-,Control
mahtië,management
mahtië,MANAGEMENT
mahtië,Management
mahtë,management
mahtë,MANAGEMENT
mahtë,Management
mai,well
mai,WELL
mai,Well
mai-²,to have
mai-²,TO HAVE
mai-²,To have
mai-²,possess
mai-²,POSSESS
mai-²,Possess
Maia,(angelic) spirit
Maia,(ANGELIC) SPIRIT
Maia,the Beautiful
Maia,the beautiful
Maia,THE BEAUTIFUL
Maia,The beautiful
Maiya,(angelic) spirit
Maiya,(ANGELIC) SPIRIT
Máya,angelic spirit
Máya,ANGELIC SPIRIT
Máya,Angelic spirit
maica¹,sharp
maica¹,SHARP
maica¹,Sharp
maica¹,piercing
maica¹,PIERCING
maica¹,Piercing
maica²,blade of a cutting tool
maica²,BLADE OF A CUTTING TOOL
maica²,Blade of a cutting tool
maica²,weapon (especially sword-blade)
maica²,WEAPON (ESPECIALLY SWORD-BLADE)
maica²,Weapon (especially sword-blade)
maina,thing of excellence
maina,THING OF EXCELLENCE
maina,Thing of excellence
maina,treasure
maina,TREASURE
maina,Treasure
maira,admirable
maira,ADMIRABLE
maira,Admirable
maira,excellent
maira,EXCELLENT
maira,Excellent
maira,precious
maira,PRECIOUS
maira,Precious
maira,splendid
maira,SPLENDID
maira,Splendid
maira,sublime
maira,SUBLIME
maira,Sublime
mairë,art
mairë,ART
mairë,Art
mairë,work of high and beautiful art
mairë,WORK OF HIGH AND BEAUTIFUL ART
mairë,Work of high and beautiful art
mairë,process of producing an art work
mairë,PROCESS OF PRODUCING AN ART WORK
mairë,Process of producing an art work
mairëa,beautiful (of things made by art)
mairëa,BEAUTIFUL (OF THINGS MADE BY ART)
mairëa,Beautiful (of things made by art)
mairëa,*artistic
mairëa,*ARTISTIC
mairia,beautiful (of things made by art)
mairia,BEAUTIFUL (OF THINGS MADE BY ART)
mairia,Beautiful (of things made by art)
maita,hungry
maita,HUNGRY
maita,Hungry
maita-,to make with art
maita-,TO MAKE WITH ART
maita-,To make with art
maita-,design
maita-,DESIGN
maita-,Design
maita-,compose
maita-,COMPOSE
maita-,Compose
maitalë,act of doing [artistic] work
maitalë,ACT OF DOING [ARTISTIC] WORK
maitalë,Act of doing [artistic] work
maitar,artist; poet
maitar,ARTIST; POET
maitar,Artist; poet
maitë,handy
maitë,HANDY
maitë,Handy
maitë,skillful; having a hand
maitë,SKILLFUL; HAVING A HAND
maitë,Skillful; having a hand
maitë,handed; shapely
maitë,HANDED; SHAPELY
maitë,Handed; shapely
alatúlië,welcome
alatúlië,WELCOME
alatúlië,Welcome
amatúlië,blessed arrival
amatúlië,BLESSED ARRIVAL
amatúlië,Blessed arrival
alatulya,welcome
alatulya,WELCOME
alatulya,Welcome
amatulya,welcome (of something blessed)
amatulya,WELCOME (OF SOMETHING BLESSED)
amatulya,Welcome (of something blessed)
maiwë,gull
maiwë,GULL
maiwë,Gull
málë,good health
málë,GOOD HEALTH
málë,Good health
málimë,wrist
málimë,WRIST
málimë,Wrist
málimë,(lit.) hand-link
málimë,(LIT.) HAND-LINK
malina,yellow
malina,YELLOW
malina,Yellow
malina,of golden colour
malina,OF GOLDEN COLOUR
malina,Of golden colour
malda¹,yellow
malda¹,YELLOW
malda¹,Yellow
malda¹,of golden colour
malda¹,OF GOLDEN COLOUR
malda¹,Of golden colour
malinornë,mallorn
malinornë,MALLORN
malinornë,Mallorn
malinornë,(lit.) golden/yellow tree
malinornë,(LIT.) GOLDEN/YELLOW TREE
maldorne,golden/yellow tree
maldorne,GOLDEN/YELLOW TREE
maldorne,Golden/yellow tree
málo,friend
málo,FRIEND
málo,Friend
málo,comrade
málo,COMRADE
málo,Comrade
malta,gold (metal)
malta,GOLD (METAL)
malta,Gold (metal)
malta,gold as material
malta,GOLD AS MATERIAL
malta,Gold as material
máma,sheep
máma,SHEEP
máma,Sheep
mamil,*mummy
mamil,*MUMMY
mammata-,to gobble up; to go on eating
mammata-,TO GOBBLE UP; TO GO ON EATING
mammata-,To gobble up; to go on eating
mammata-,gorge oneself
mammata-,GORGE ONESELF
mammata-,Gorge oneself
mána,blessing
mána,BLESSING
mána,Blessing
mána,good thing
mána,GOOD THING
mána,Good thing
manaitë,*blessed
manaitë,*BLESSED
manaitë,having grace
manaitë,HAVING GRACE
manaitë,Having grace
manaquenta,*blessed
manaquenta,*BLESSED
mando,custody
mando,CUSTODY
mando,Custody
mando,safe keeping; prison
mando,SAFE KEEPING; PRISON
mando,Safe keeping; prison
mando,duress
mando,DURESS
mando,Duress
manen,how
manen,HOW
manen,How
manta-,to bless
manta-,TO BLESS
manta-,To bless
manya-,to bless
manya-,TO BLESS
manya-,To bless
maqua,hand-full
maqua,HAND-FULL
maqua,Hand-full
maqua,group of five (similar) things; hand (colloquial); closing
maqua,GROUP OF FIVE (SIMILAR) THINGS; HAND (COLLOQUIAL); CLOSING
maqua,Group of five (similar) things; hand (colloquial); closing
maqua,closed [hand] (facing down) for taking
maqua,CLOSED [HAND] (FACING DOWN) FOR TAKING
maqua,Closed [hand] (facing down) for taking
maquanotië,decimal system
maquanotië,DECIMAL SYSTEM
maquanotië,Decimal system
caistanótië,decimal system
caistanótië,DECIMAL SYSTEM
caistanótië,Decimal system
maquet-,*to question
maquet-,*TO QUESTION
maquet-,ask
maquet-,ASK
maquet-,Ask
mar-,to abide
mar-,TO ABIDE
mar-,To abide
mar-,be settled
mar-,BE SETTLED
mar-,Be settled
mar-,fixed
mar-,FIXED
mar-,Fixed
mar-,dwell
mar-,DWELL
mar-,Dwell
már,home
már,HOME
már,Home
már,dwelling
már,DWELLING
már,Dwelling
már,habitation
már,HABITATION
már,Habitation
mára,good
mára,GOOD
mára,Good
mára,proper
mára,PROPER
mára,Proper
mar(da),dwelling
mar(da),DWELLING
mar(da),Dwelling
mar(da),(great) house
mar(da),(GREAT) HOUSE
mar(da),residence
mar(da),RESIDENCE
mar(da),Residence
mar(da),mansion
mar(da),MANSION
mar(da),Mansion
mar(da),a thing
mar(da),A THING
mar(da),A thing
mar(da),place dwelt in
mar(da),PLACE DWELT IN
mar(da),Place dwelt in
mar(da),home
mar(da),HOME
mar(da),Home
máralë,goodness
máralë,GOODNESS
máralë,Goodness
máriën,goodness
máriën,GOODNESS
máriën,Goodness
marta-,to define
marta-,TO DEFINE
marta-,To define
marta-,decree
marta-,DECREE
marta-,Decree
marta-,destine
marta-,DESTINE
marta-,Destine
umbarta-,to define
umbarta-,TO DEFINE
umbarta-,To define
umbarta-,decree
umbarta-,DECREE
umbarta-,Decree
umbarta-,destine
umbarta-,DESTINE
umbarta-,Destine
martan,dwelling-house
martan,DWELLING-HOUSE
martan,Dwelling-house
martaman,dwelling-house
martaman,DWELLING-HOUSE
martaman,Dwelling-house
marto,tower
marto,TOWER
marto,Tower
massa,bread
massa,BREAD
massa,Bread
massë¹,bread
massë¹,BREAD
massë¹,Bread
massánië,Lady
massánië,lady
massánië,LADY
massánië,breadgiver
massánië,BREADGIVER
massánië,Breadgiver
massë²,handful
massë²,HANDFUL
massë²,Handful
massë²,portion
massë²,PORTION
massë²,Portion
massë²,share
massë²,SHARE
massë²,Share
massë²,capacity; the personal measure
massë²,CAPACITY; THE PERSONAL MEASURE
massë²,Capacity; the personal measure
massë²,capacity of a man
massë²,CAPACITY OF A MAN
massë²,Capacity of a man
massë²,a talent
massë²,A TALENT
massë²,A talent
maxë,handiness
maxë,HANDINESS
maxë,Handiness
masta,bread
masta,BREAD
masta,Bread
masta,cake
masta,CAKE
masta,Cake
masta,loaf
masta,LOAF
masta,Loaf
mat-,to eat
mat-,TO EAT
mat-,To eat
mátengwië,language of the hands
mátengwië,LANGUAGE OF THE HANDS
mátengwië,Language of the hands
mátima,edible
mátima,EDIBLE
mátima,Edible
mastima,edible
mastima,EDIBLE
mastima,Edible
matta,food
matta,FOOD
matta,Food
maxo,mire
maxo,MIRE
maxo,Mire
mecin,please
mecin,PLEASE
mecin,Please
mehtar,warrior
mehtar,WARRIOR
mehtar,Warrior
mel-,to love
mel-,TO LOVE
mel-,To love
méla,loving
méla,LOVING
méla,Loving
méla,affectionate
méla,AFFECTIONATE
méla,Affectionate
mélamar,(emotional) home
mélamar,(EMOTIONAL) HOME
melda,dear
melda,DEAR
melda,Dear
melda,beloved
melda,BELOVED
melda,Beloved
meldë,*friend (f.)
meldë,*FRIEND (F.)
meldo,friend
meldo,FRIEND
meldo,Friend
meldo,lover
meldo,LOVER
meldo,Lover
melehta,mighty
melehta,MIGHTY
melehta,Mighty
meletya,mighty
meletya,MIGHTY
meletya,Mighty
melehtë,might
melehtë,MIGHT
melehtë,Might
melehtë,power (inherent)
melehtë,POWER (INHERENT)
melehtë,Power (inherent)
meletheldë,love-sister
meletheldë,LOVE-SISTER
meletheldë,Love-sister
mélië,*love
mélië,*LOVE
mélië,loving
mélië,LOVING
mélië,Loving
melima,loving
melima,LOVING
melima,Loving
melima,very affectionate
melima,VERY AFFECTIONATE
melima,Very affectionate
melmë,love (a particular case [between two people])
melmë,LOVE (A PARTICULAR CASE [BETWEEN TWO PEOPLE])
melmë,Love (a particular case [between two people])
melotorno,love-brother
melotorno,LOVE-BROTHER
melotorno,Love-brother
melu,honey
melu,HONEY
melu,Honey
melumatya,honey-eating
melumatya,HONEY-EATING
melumatya,Honey-eating
men,way
men,WAY
men,Way
men-,to go
men-,TO GO
men-,To go
men-,proceed
men-,PROCEED
men-,Proceed
men-,move (generally); to come
men-,MOVE (GENERALLY); TO COME
men-,Move (generally); to come
men-,arrive
men-,ARRIVE
men-,Arrive
mendë,*will
mendë,*WILL
mendë,intent
mendë,INTENT
mendë,Intent
menel,the heavens
menel,THE HEAVENS
menel,The heavens
menel,firmament
menel,FIRMAMENT
menel,Firmament
menel,sky
menel,SKY
menel,Sky
meneldil,astronomer
meneldil,ASTRONOMER
meneldil,Astronomer
meneldil,*(lit.) lover of the heavens
meneldil,*(LIT.) LOVER OF THE HEAVENS
menelluin,cornflower (colour)
menelluin,CORNFLOWER (COLOUR)
menelluin,Cornflower (colour)
menelluin,*(lit.) sky-blue
menelluin,*(LIT.) SKY-BLUE
Menelya,*Wednesday
Menelya,*wednesday
Menelya,*WEDNESDAY
Menelya,*wednesday
Menelya,Heavens-day
Menelya,heavens-day
Menelya,HEAVENS-DAY
menta,sending
menta,SENDING
menta,Sending
menta,message
menta,MESSAGE
menta,Message
menta-¹,to send
menta-¹,TO SEND
menta-¹,To send
menta-¹,cause to go (in a desired direction)
menta-¹,CAUSE TO GO (IN A DESIRED DIRECTION)
menta-¹,Cause to go (in a desired direction)
menta-²,have as object[ive]
menta-²,HAVE AS OBJECT[IVE]
menta-²,Have as object[ive]
menta-²,(in)tend
menta-²,(IN)TEND
menta-²,proceed
menta-²,PROCEED
menta-²,Proceed
menta-²,make for
menta-²,MAKE FOR
menta-²,Make for
menta-²,go towards
menta-²,GO TOWARDS
menta-²,Go towards
mentië,passage
mentië,PASSAGE
mentië,Passage
mentië,journey
mentië,JOURNEY
mentië,Journey
mentië,direction of travel
mentië,DIRECTION OF TRAVEL
mentië,Direction of travel
mer-,to hope
mer-,TO HOPE
mer-,To hope
mestanyatsë,suffixion
mestanyatsë,SUFFIXION
mestanyatsë,Suffixion
métima,last
métima,LAST
métima,Last
métima,ultimate
métima,ULTIMATE
métima,Ultimate
métima,final
métima,FINAL
métima,Final
metta,ending
metta,ENDING
metta,Ending
metta,end
metta,END
metta,End
Mettelairë,August
Mettelairë,august
Mettelairë,AUGUST
Mettelairë,*(lit.) End-summer
Mettelairë,*(lit.) end-summer
Mettelairë,*(LIT.) END-SUMMER
Mettelairë,*(lit.) end-summer
Metterrívë,January
Metterrívë,january
Metterrívë,JANUARY
Metterrívë,*(lit.) End-winter
Metterrívë,*(lit.) end-winter
Metterrívë,*(LIT.) END-WINTER
Metterrívë,*(lit.) end-winter
millë,?ring
millë,?RING
mimírima,very beautiful
mimírima,VERY BEAUTIFUL
mimírima,Very beautiful
mimíre,very beautiful
mimíre,VERY BEAUTIFUL
mimíre,Very beautiful
mína,desiring to start
mína,DESIRING TO START
mína,Desiring to start
mína,eager to go
mína,EAGER TO GO
mína,Eager to go
mína-,to desire to go in some direction
mína-,TO DESIRE TO GO IN SOME DIRECTION
mína-,To desire to go in some direction
mína-,wish to go to a place
mína-,WISH TO GO TO A PLACE
mína-,Wish to go to a place
mína-,make for it; to have some end in view
mína-,MAKE FOR IT; TO HAVE SOME END IN VIEW
mína-,Make for it; to have some end in view
minassë,fort
minassë,FORT
minassë,Fort
minassë,city (with a citadel and central watch tower)
minassë,CITY (WITH A CITADEL AND CENTRAL WATCH TOWER)
minassë,City (with a citadel and central watch tower)
minasurië,enquiry
minasurië,ENQUIRY
minasurië,Enquiry
minasurië,*research
minasurië,*RESEARCH
minaþurië,enquiry
minaþurië,ENQUIRY
minaþurië,Enquiry
mindë,turret
mindë,TURRET
mindë,Turret
mindon,(lofty) tower
mindon,(LOFTY) TOWER
minquetyarmë,accentuation
minquetyarmë,ACCENTUATION
minquetyarmë,Accentuation
miqu-,to kiss
miqu-,TO KISS
miqu-,To kiss
miquelis,(soft
miquelis,(SOFT
miquelis,sweet) kiss
miquelis,SWEET) KISS
miquelis,Sweet) kiss
mírëa,jewelled
mírëa,JEWELLED
mírëa,Jewelled
mírenel,jewel-triad
mírenel,JEWEL-TRIAD
mírenel,Jewel-triad
miriéla,?sparkling
miriéla,?SPARKLING
mírima,very valuable
mírima,VERY VALUABLE
mírima,Very valuable
mírima,very precious
mírima,VERY PRECIOUS
mírima,Very precious
mírima,very lovely (of work of art only)
mírima,VERY LOVELY (OF WORK OF ART ONLY)
mírima,Very lovely (of work of art only)
mirröanwë,incarnate
mirröanwë,INCARNATE
mirröanwë,Incarnate
miruvórë,mead
miruvórë,MEAD
miruvórë,Mead
miruvórë,nectar
miruvórë,NECTAR
miruvórë,Nectar
miruvórë,special wine
miruvórë,SPECIAL WINE
miruvórë,Special wine
miruvórë,cordial
miruvórë,CORDIAL
miruvórë,Cordial
miruvórë,drink of the Elves
miruvórë,drink of the elves
miruvórë,DRINK OF THE ELVES
miruvórë,Drink of the elves
miruvórë,(lit.) precious juice
miruvórë,(LIT.) PRECIOUS JUICE
miruvor,special wine
miruvor,SPECIAL WINE
miruvor,Special wine
miruvor,cordial
miruvor,CORDIAL
miruvor,Cordial
mirwa,precious
mirwa,PRECIOUS
mirwa,Precious
mirwa,valuable
mirwa,VALUABLE
mirwa,Valuable
mirya,beautiful
mirya,BEAUTIFUL
mirya,Beautiful
mirya,lovely (of works of art only)
mirya,LOVELY (OF WORKS OF ART ONLY)
mirya,Lovely (of works of art only)
míra,beautiful
míra,BEAUTIFUL
míra,Beautiful
míra,lovely
míra,LOVELY
míra,Lovely
mísë,(light) grey
mísë,(LIGHT) GREY
mista,grey
mista,GREY
mista,Grey
mistë,drizzle
mistë,DRIZZLE
mistë,Drizzle
mitta-,to insert
mitta-,TO INSERT
mitta-,To insert
mittandë,infixion
mittandë,INFIXION
mittandë,Infixion
mittandë,intrusion
mittandë,INTRUSION
mittandë,Intrusion
mittanya-,*to lead (into)
mittanya-,*TO LEAD (INTO)
mittanya-,induce
mittanya-,INDUCE
mittanya-,Induce
mittar(ë),*entering
mittar(ë),*ENTERING
mittar(ë),entrance
mittar(ë),ENTRANCE
mittar(ë),Entrance
mixa,sharp-pointed
mixa,SHARP-POINTED
mixa,Sharp-pointed
miχa,sharp-pointed
miχa,SHARP-POINTED
miχa,Sharp-pointed
moia-,to labour
moia-,TO LABOUR
moia-,To labour
moia-,be afflicted
moia-,BE AFFLICTED
moia-,Be afflicted
mol-,to labour
mol-,TO LABOUR
mol-,To labour
mól,slave
mól,SLAVE
mól,Slave
molda,big
molda,BIG
molda,Big
molda,large
molda,LARGE
molda,Large
mólë,labour
mólë,LABOUR
mólë,Labour
mólë,*work
mólë,*WORK
móna,*womb
móna,*WOMB
carva,*womb
carva,*WOMB
morimaitë,black-handed
morimaitë,BLACK-HANDED
morimaitë,Black-handed
morna,black
morna,BLACK
morna,Black
morna,dark; black of hair
morna,DARK; BLACK OF HAIR
morna,Dark; black of hair
mornië,darkness
mornië,DARKNESS
mornië,Darkness
mornië,blackness
mornië,BLACKNESS
mornië,Blackness
motto,fen
motto,FEN
motto,Fen
motto,marsh
motto,MARSH
motto,Marsh
mulë,meal
mulë,MEAL
mulë,Meal
mundo,bull
mundo,BULL
mundo,Bull
mundo,ox
mundo,OX
mundo,Ox
mondo,ox
mondo,OX
mondo,Ox
mussë,soft
mussë,SOFT
mussë,Soft
ná-,to be
ná-,TO BE
ná-,To be
nac-,to hew
nac-,TO HEW
nac-,To hew
nac-,cut
nac-,CUT
nac-,Cut
náha,narrow
náha,NARROW
náha,Narrow
nahta-¹,to slay; to hurt
nahta-¹,TO SLAY; TO HURT
nahta-¹,To slay; to hurt
nahta-¹,injure
nahta-¹,INJURE
nahta-¹,Injure
nahta-¹,wound
nahta-¹,WOUND
nahta-¹,Wound
nahta-²,to confine
nahta-²,TO CONFINE
nahta-²,To confine
nahta-²,oppress
nahta-²,OPPRESS
nahta-²,Oppress
nahtana,*slain
nahtana,*SLAIN
nahte,wounding
nahte,WOUNDING
nahte,Wounding
nahte,wound
nahte,WOUND
nahte,Wound
nai,maybe; be it that
nai,MAYBE; BE IT THAT
nai,Maybe; be it that
nai,may it be that; perhaps
nai,MAY IT BE THAT; PERHAPS
nai,May it be that; perhaps
nai,it may be
nai,IT MAY BE
nai,It may be
nai,there is a chance
nai,THERE IS A CHANCE
nai,There is a chance
nai,possibility
nai,POSSIBILITY
nai,Possibility
naica,bitterly painful
naica,BITTERLY PAINFUL
naica,Bitterly painful
naica,grievous
naica,GRIEVOUS
naica,Grievous
naina,upstream
naina,UPSTREAM
naina,Upstream
nainië,lament
nainië,LAMENT
nainië,Lament
naiquet-,to curse
naiquet-,TO CURSE
naiquet-,To curse
naiquet-,blaspheme
naiquet-,BLASPHEME
naiquet-,Blaspheme
naira¹,dreadful
naira¹,DREADFUL
naira¹,Dreadful
naira¹,horrible
naira¹,HORRIBLE
naira¹,Horrible
naira¹,unendurable
naira¹,UNENDURABLE
naira¹,Unendurable
naira²,vast
naira²,VAST
naira²,Vast
naira²,wide
naira²,WIDE
naira²,Wide
naira²,empty
naira²,EMPTY
naira²,Empty
naitë,true
naitë,TRUE
naitë,True
naitië,indeed
naitië,INDEED
naitië,Indeed
naitië,truly
naitië,TRULY
naitië,Truly
nalda,bright
nalda,BRIGHT
nalda,Bright
nalda,polished (of metal)
nalda,POLISHED (OF METAL)
nalda,Polished (of metal)
nalta,radiance
nalta,RADIANCE
nalta,Radiance
nalta,glittering reflection
nalta,GLITTERING REFLECTION
nalta,Glittering reflection
alta,radiance
alta,RADIANCE
alta,Radiance
naltalma,heliograph
naltalma,HELIOGRAPH
naltalma,Heliograph
nam-,to judge
nam-,TO JUDGE
nam-,To judge
náma¹,judgment
náma¹,JUDGMENT
náma¹,Judgment
náma¹,desire
náma¹,DESIRE
náma¹,Desire
náma²,thing
náma²,THING
náma²,Thing
námië,single judgment
námië,SINGLE JUDGMENT
námië,Single judgment
námië,desire
námië,DESIRE
námië,Desire
namna,statute
namna,STATUTE
namna,Statute
námo¹,person
námo¹,PERSON
námo¹,Person
námo¹,somebody (unnamed)
námo¹,SOMEBODY (UNNAMED)
námo¹,Somebody (unnamed)
námo²,judge
námo²,JUDGE
námo²,Judge
nanca,*hewn
nanca,*HEWN
nanca,slain
nanca,SLAIN
nanca,Slain
nancar-,to undo
nancar-,TO UNDO
nancar-,To undo
nanda¹,*back
nanda¹,*BACK
nanda¹,rear
nanda¹,REAR
nanda¹,Rear
nan(do),(wide) valley
nan(do),(WIDE) VALLEY
nan(do),vale
nan(do),VALE
nan(do),Vale
nan,valley
nan,VALLEY
nan,Valley
nan,vale
nan,VALE
nan,Vale
nanda²,vale (wide)
nanda²,VALE (WIDE)
nanda²,Vale (wide)
nandë,valley
nandë,VALLEY
nandë,Valley
nanquer-,*to turn back
nanquer-,*TO TURN BACK
nantul-,to return
nantul-,TO RETURN
nantul-,To return
nantul-,*come back
nantul-,*COME BACK
nanwa¹,existing
nanwa¹,EXISTING
nanwa¹,Existing
nanwa¹,actual (true)
nanwa¹,ACTUAL (TRUE)
nanwa¹,Actual (true)
nanwa²,(large) bowl
nanwa²,(LARGE) BOWL
nanwë,ebb
nanwë,EBB
nanwë,Ebb
nanwë,lowtide
nanwë,LOWTIDE
nanwë,Lowtide
lanwë,ebb-tide
lanwë,EBB-TIDE
lanwë,Ebb-tide
nanwen-,to return
nanwen-,TO RETURN
nanwen-,To return
nanwen-,go/come back
nanwen-,GO/COME BACK
nanwen-,Go/come back
napan-,to add
napan-,TO ADD
napan-,To add
nápo,thumb
nápo,THUMB
nápo,Thumb
nápo,(lit.) picker
nápo,(LIT.) PICKER
nápat,thumb and index [fingers] as a pair
nápat,THUMB AND INDEX [FINGERS] AS A PAIR
nápat,Thumb and index [fingers] as a pair
tollë²,thumb
tollë²,THUMB
tollë²,Thumb
leptollë,*thumb
leptollë,*THUMB
tolpë,thumb
tolpë,THUMB
tolpë,Thumb
toltil,thumb
toltil,THUMB
toltil,Thumb
nappa,claw
nappa,CLAW
nappa,Claw
nappa,talon
nappa,TALON
nappa,Talon
namma,claw
namma,CLAW
namma,Claw
namma,talon
namma,TALON
namma,Talon
náquet-,to assent
náquet-,TO ASSENT
náquet-,To assent
náquet-,agree (on fact); (lit.) to say ‘it is’
náquet-,AGREE (ON FACT); (LIT.) TO SAY ‘IT IS’
náquet-,Agree (on fact); (lit.) to say ‘it is’
nár,fire (as an element)
nár,FIRE (AS AN ELEMENT)
nár,Fire (as an element)
Nárië,June
Nárië,june
Nárië,JUNE
Nárië,*Fire-ness
Nárië,*fire-ness
Nárië,*FIRE-NESS
Nárië,*fire-ness
Narquelië,October
Narquelië,october
Narquelië,OCTOBER
Narquelië,Sun-fading
Narquelië,sun-fading
Narquelië,SUN-FADING
Narvinyë,January
Narvinyë,january
Narvinyë,JANUARY
Narvinyë,*New-fire
Narvinyë,*new-fire
Narvinyë,*NEW-FIRE
Narvinyë,*new-fire
narwa,ruddy
narwa,RUDDY
narwa,Ruddy
narwa,red of hair
narwa,RED OF HAIR
narwa,Red of hair
nasquë,bondage
nasquë,BONDAGE
nasquë,Bondage
nasquë,durance
nasquë,DURANCE
nasquë,Durance
nassë,nature
nassë,NATURE
nassë,Nature
nassë,true-being; material; person
nassë,TRUE-BEING; MATERIAL; PERSON
nassë,True-being; material; person
nassë,individual
nassë,INDIVIDUAL
nassë,Individual
nat,thing
nat,THING
nat,Thing
nattir-,to look back
nattir-,TO LOOK BACK
nattir-,To look back
nattira-,to despise
nattira-,TO DESPISE
nattira-,To despise
nauca,stunted
nauca,STUNTED
nauca,Stunted
nauca,shortened
nauca,SHORTENED
nauca,Shortened
nauca,dwarf(ed)
nauca,DWARF(ED)
nauca,Dwarf(ed)
nauco,dwarf
nauco,DWARF
nauco,Dwarf
naucon,Dwarf
naucon,dwarf
naucon,DWARF
nauro,werewolf
nauro,WEREWOLF
nauro,Werewolf
nauro,wolf (not wild wolves)
nauro,WOLF (NOT WILD WOLVES)
nauro,Wolf (not wild wolves)
nav-¹,to judge
nav-¹,TO JUDGE
nav-¹,To judge
nav-¹,think [have as an opinion]
nav-¹,THINK [HAVE AS AN OPINION]
nav-¹,Think [have as an opinion]
ham-,to judge
ham-,TO JUDGE
ham-,To judge
nem-¹,to judge
nem-¹,TO JUDGE
nem-¹,To judge
náva¹,hollow
náva¹,HOLLOW
náva¹,Hollow
náva²,*mouth (including tongue
náva²,*MOUTH (INCLUDING TONGUE
náva²,lips and teeth)
náva²,LIPS AND TEETH)
náva²,Lips and teeth)
náva²,speech apparatus
náva²,SPEECH APPARATUS
náva²,Speech apparatus
páva,mouth
páva,MOUTH
páva,Mouth
náva-tengwë,consonant
náva-tengwë,CONSONANT
náva-tengwë,Consonant
pávatengwë,consonant
pávatengwë,CONSONANT
pávatengwë,Consonant
návë,being
návë,BEING
návë,Being
naxa¹,bond
naxa¹,BOND
naxa¹,Bond
naxa¹,fetter
naxa¹,FETTER
naxa¹,Fetter
né,ago
né,AGO
né,Ago
né,behind (earlier time); yes (it was so)
né,BEHIND (EARLIER TIME); YES (IT WAS SO)
né,Behind (earlier time); yes (it was so)
néca,pale
néca,PALE
néca,Pale
néca,vague
néca,VAGUE
néca,Vague
néca,faint
néca,FAINT
néca,Faint
néca,dim to see
néca,DIM TO SEE
néca,Dim to see
necel,thorn
necel,THORN
necel,Thorn
nef-,to breathe (air)
nef-,TO BREATHE (AIR)
nef-,To breathe (air)
nefítë,air-breathing
nefítë,AIR-BREATHING
nefítë,Air-breathing
nehta-,to deprive
nehta-,TO DEPRIVE
nehta-,To deprive
nehtano,one deprived
nehtano,ONE DEPRIVED
nehtano,One deprived
nehtano,exile whose rights and goods have been confiscated
nehtano,EXILE WHOSE RIGHTS AND GOODS HAVE BEEN CONFISCATED
nehtano,Exile whose rights and goods have been confiscated
nehtar,slayer
nehtar,SLAYER
nehtar,Slayer
nehtë¹,spearhead
nehtë¹,SPEARHEAD
nehtë¹,Spearhead
nehtë¹,gore
nehtë¹,GORE
nehtë¹,Gore
nehtë¹,wedge
nehtë¹,WEDGE
nehtë¹,Wedge
nehtë¹,narrow promontory; angle
nehtë¹,NARROW PROMONTORY; ANGLE
nehtë¹,Narrow promontory; angle
neccë,angle
neccë,ANGLE
neccë,Angle
nehtë²,honey
nehtë²,HONEY
nehtë²,Honey
nelya-,to thicken
nelya-,TO THICKEN
nelya-,To thicken
nelya-,congeal
nelya-,CONGEAL
nelya-,Congeal
lelya-³,?thick
lelya-³,?THICK
lelya-³,thicken & congeal
lelya-³,THICKEN & CONGEAL
lelya-³,Thicken & congeal
nem-²,*to seem
nem-²,*TO SEEM
nem-²,appear
nem-²,APPEAR
nem-²,Appear
nemesta,appearance
nemesta,APPEARANCE
nemesta,Appearance
nemesta,seeming
nemesta,SEEMING
nemesta,Seeming
nén,water
nén,WATER
nén,Water
nenda,wet
nenda,WET
nenda,Wet
néna,wet
néna,WET
néna,Wet
nenya,wet
nenya,WET
nenya,Wet
ninda,wet
ninda,WET
ninda,Wet
nendë,lake
nendë,LAKE
nendë,Lake
nendil,beast that lives in the water
nendil,BEAST THAT LIVES IN THE WATER
nendil,Beast that lives in the water
Nénimë,February
Nénimë,february
Nénimë,FEBRUARY
Nénimë,*Wet-ness
Nénimë,*wet-ness
Nénimë,*WET-NESS
Nénimë,*wet-ness
nér,man
nér,MAN
nér,Man
nér,male person (of any kindred: elf
nér,MALE PERSON (OF ANY KINDRED: ELF
nér,Male person (of any kindred: elf
nér,human
nér,HUMAN
nér,Human
nér,dwarf)
nér,DWARF)
nér,Dwarf)
nercë,little man
nercë,LITTLE MAN
nercë,Little man
nerdo,large
nerdo,LARGE
nerdo,Large
nerdo,strong man
nerdo,STRONG MAN
nerdo,Strong man
nernehta,man-spearhead
nernehta,MAN-SPEARHEAD
nernehta,Man-spearhead
nésa,sister
nésa,SISTER
nésa,Sister
nessamelda,species of tree in Númenor
nessamelda,species of tree in númenor
nessamelda,SPECIES OF TREE IN NÚMENOR
nessamelda,Species of tree in númenor
nessamelda,(lit.) beloved of Nessa
nessamelda,(lit.) beloved of nessa
nessamelda,(LIT.) BELOVED OF NESSA
nessamelda,(lit.) beloved of nessa
net(ë),one more beyond (the middle)
net(ë),ONE MORE BEYOND (THE MIDDLE)
net(ë),One more beyond (the middle)
netil,trinket
netil,TRINKET
netil,Trinket
netil,(?small thing) of personal adornment
netil,(?SMALL THING) OF PERSONAL ADORNMENT
nettë,(little) girl
nettë,(LITTLE) GIRL
nettë,sister (diminutive)
nettë,SISTER (DIMINUTIVE)
nettë,Sister (diminutive)
nettë,daughter
nettë,DAUGHTER
nettë,Daughter
nettë,pretty little thing
nettë,PRETTY LITTLE THING
nettë,Pretty little thing
netya,pretty
netya,PRETTY
netya,Pretty
netya,dainty
netya,DAINTY
netya,Dainty
netya-,to trim
netya-,TO TRIM
netya-,To trim
netya-,adorn
netya-,ADORN
netya-,Adorn
nev-,to try
nev-,TO TRY
nev-,To try
nav-²,to try
nav-²,TO TRY
nav-²,To try
nexa,sharp
nexa,SHARP
nexa,Sharp
nexa,angular
nexa,ANGULAR
nexa,Angular
nerca,sharp
nerca,SHARP
nerca,Sharp
nerca,angular
nerca,ANGULAR
nerca,Angular
néya,once
néya,ONCE
néya,Once
néya,at one time
néya,AT ONE TIME
néya,At one time
nëa,once
nëa,ONCE
nëa,Once
nëa,at one time
nëa,AT ONE TIME
nëa,At one time
níca,small
níca,SMALL
níca,Small
nícë,little finger
nícë,LITTLE FINGER
nícë,Little finger
nieninquë,snowdrop
nieninquë,SNOWDROP
nieninquë,Snowdrop
nieninquëa,like a snowdrop
nieninquëa,LIKE A SNOWDROP
nieninquëa,Like a snowdrop
nil-,to love
nil-,TO LOVE
nil-,To love
nil-,*have special concern/care/interest for
nil-,*HAVE SPECIAL CONCERN/CARE/INTEREST FOR
nílë,a special concern with
nílë,A SPECIAL CONCERN WITH
nílë,A special concern with
nílë,love for
nílë,LOVE FOR
nílë,Love for
nillë¹,silver glint; Valinorian imagines [images of real stars]
nillë¹,silver glint; valinorian imagines [images of real stars]
nillë¹,SILVER GLINT; VALINORIAN IMAGINES [IMAGES OF REAL STARS]
nillë¹,Silver glint; valinorian imagines [images of real stars]
nillë²,small [woman]
nillë²,SMALL [WOMAN]
nillë²,Small [woman]
nilmë,love
nilmë,LOVE
nilmë,Love
nilmë,concern for things other than self for their own sakes
nilmë,CONCERN FOR THINGS OTHER THAN SELF FOR THEIR OWN SAKES
nilmë,Concern for things other than self for their own sakes
nimpa,drooping
nimpa,DROOPING
nimpa,Drooping
nimpa,ailing
nimpa,AILING
nimpa,Ailing
nimulë,phantom
nimulë,PHANTOM
nimulë,Phantom
nimulë,(lit.) a seeming
nimulë,(LIT.) A SEEMING
níma,phantom
níma,PHANTOM
níma,Phantom
níma,(lit.) a seeming
níma,(LIT.) A SEEMING
ninquë,white; chill
ninquë,WHITE; CHILL
ninquë,White; chill
ninquë,cold; pallid
ninquë,COLD; PALLID
ninquë,Cold; pallid
ninquita-,to whiten
ninquita-,TO WHITEN
ninquita-,To whiten
ninquita-,grow white
ninquita-,GROW WHITE
ninquita-,Grow white
nípa,small (usually with connotation of weakness)
nípa,SMALL (USUALLY WITH CONNOTATION OF WEAKNESS)
nípa,Small (usually with connotation of weakness)
niqu-,to be chill
niqu-,TO BE CHILL
niqu-,To be chill
niqu-,cold
niqu-,COLD
niqu-,Cold
niqu-,freeze (of weather)
niqu-,FREEZE (OF WEATHER)
niqu-,Freeze (of weather)
niqu-,snow
niqu-,SNOW
niqu-,Snow
nicu-,to be chill
nicu-,TO BE CHILL
nicu-,To be chill
nicu-,cold
nicu-,COLD
nicu-,Cold
nicu-,freeze (of weather)
nicu-,FREEZE (OF WEATHER)
nicu-,Freeze (of weather)
nicu-,snow
nicu-,SNOW
nicu-,Snow
niquë,cold
niquë,COLD
niquë,Cold
niquessë,frost-patterns; snowflake
niquessë,FROST-PATTERNS; SNOWFLAKE
niquessë,Frost-patterns; snowflake
niquessë,ice-flake; (lit.) chill feather
niquessë,ICE-FLAKE; (LIT.) CHILL FEATHER
niquessë,Ice-flake; (lit.) chill feather
niquis,snowflake
niquis,SNOWFLAKE
niquis,Snowflake
niquis,ice-flake; petal (loose) of a white flower; frost-patterns
niquis,ICE-FLAKE; PETAL (LOOSE) OF A WHITE FLOWER; FROST-PATTERNS
niquis,Ice-flake; petal (loose) of a white flower; frost-patterns
nir-,to press
nir-,TO PRESS
nir-,To press
nir-,urge
nir-,URGE
nir-,Urge
nir-,thrust
nir-,THRUST
nir-,Thrust
nir-,force (in a given direction)
nir-,FORCE (IN A GIVEN DIRECTION)
nir-,Force (in a given direction)
níra,will (as a potential
níra,WILL (AS A POTENTIAL
níra,Will (as a potential
níra,faculty)
níra,FACULTY)
níra,Faculty)
níra,individual will (in potential)
níra,INDIVIDUAL WILL (IN POTENTIAL)
níra,Individual will (in potential)
nírë,force
nírë,FORCE
nírë,Force
nírítë,forceful
nírítë,FORCEFUL
nírítë,Forceful
nírítë,exerting great thrust
nírítë,EXERTING GREAT THRUST
nírítë,Exerting great thrust
nírítë,pressure
nírítë,PRESSURE
nírítë,Pressure
nírítë,driving
nírítë,DRIVING
nírítë,Driving
nirmë,act of will
nirmë,ACT OF WILL
nirmë,Act of will
nirmë,exercise of will
nirmë,EXERCISE OF WILL
nirmë,Exercise of will
nis-,*to smell sweetly
nis-,*TO SMELL SWEETLY
nís,woman (of any kindred: elf
nís,WOMAN (OF ANY KINDRED: ELF
nís,Woman (of any kindred: elf
nís,human
nís,HUMAN
nís,Human
nís,dwarf)
nís,DWARF)
nís,Dwarf)
nissë,woman
nissë,WOMAN
nissë,Woman
nísima,fragrant
nísima,FRAGRANT
nísima,Fragrant
nisto,large woman
nisto,LARGE WOMAN
nisto,Large woman
nitya,little
nitya,LITTLE
nitya,Little
nixë,frost; ice-flake
nixë,FROST; ICE-FLAKE
nixë,Frost; ice-flake
nixë,snow-flake
nixë,SNOW-FLAKE
nixë,Snow-flake
noirë,tomb
noirë,TOMB
noirë,Tomb
nólë,lore
nólë,LORE
nólë,Lore
nólë,knowledge
nólë,KNOWLEDGE
nólë,Knowledge
nólë,long study
nólë,LONG STUDY
nólë,Long study
nolmë,knowledge
nolmë,KNOWLEDGE
nolmë,Knowledge
nolmë,philosophy (including science)
nolmë,PHILOSOPHY (INCLUDING SCIENCE)
nolmë,Philosophy (including science)
nolmë,department of wisdom (science
nolmë,DEPARTMENT OF WISDOM (SCIENCE
nolmë,Department of wisdom (science
nolmë,etc.)
nolmë,ETC.)
nolmë,Etc.)
nolmo,wise person
nolmo,WISE PERSON
nolmo,Wise person
nolya,dark-haired
nolya,DARK-HAIRED
nolya,Dark-haired
hróva¹,dark
hróva¹,DARK
hróva¹,Dark
hróva¹,dark brown (of hair)
hróva¹,DARK BROWN (OF HAIR)
hróva¹,Dark brown (of hair)
loxa,brown of hair
loxa,BROWN OF HAIR
loxa,Brown of hair
nómë,place
nómë,PLACE
nómë,Place
nómessë,place-name
nómessë,PLACE-NAME
nómessë,Place-name
nóna,born
nóna,BORN
nóna,Born
nonda,hand especially in (?clutching)
nonda,HAND ESPECIALLY IN (?CLUTCHING)
nonda,Hand especially in (?clutching)
nonwë,calculation
nonwë,CALCULATION
nonwë,Calculation
nonwë,sum
nonwë,SUM
nonwë,Sum
nór,land
nór,LAND
nór,Land
nor-¹,to run (or leap
nor-¹,TO RUN (OR LEAP
nor-¹,To run (or leap
nor-¹,of animals
nor-¹,OF ANIMALS
nor-¹,Of animals
nor-¹,men)
nor-¹,MEN)
nor-¹,Men)
nórë,land
nórë,LAND
nórë,Land
nórë,country; †people
nórë,COUNTRY; †PEOPLE
nórë,Country; †people
nórë,race
nórë,RACE
nórë,Race
nórë,tribe
nórë,TRIBE
nórë,Tribe
norië,race
norië,RACE
norië,Race
norië,running
norië,RUNNING
norië,Running
norima,strong/swift at running
norima,STRONG/SWIFT AT RUNNING
norima,Strong/swift at running
norima,swiftly running a course
norima,SWIFTLY RUNNING A COURSE
norima,Swiftly running a course
normë,race
normë,RACE
normë,Race
normë,running
normë,RUNNING
normë,Running
norna,tough
norna,TOUGH
norna,Tough
norna,stiff; hard
norna,STIFF; HARD
norna,Stiff; hard
norna,firm
norna,FIRM
norna,Firm
norna,resistant; thrawn
norna,RESISTANT; THRAWN
norna,Resistant; thrawn
norna,obdurate
norna,OBDURATE
norna,Obdurate
Norno,Dwarf
Norno,dwarf
Norno,DWARF
norno,oak
norno,OAK
norno,Oak
nordo,oak
nordo,OAK
nordo,Oak
noroitë,(capable of) running
noroitë,(CAPABLE OF) RUNNING
norolinda,*tripping lightly
norolinda,*TRIPPING LIGHTLY
norta-,to ride
norta-,TO RIDE
norta-,To ride
norta-,[lit.] make run (specially used of riding horses
norta-,[LIT.] MAKE RUN (SPECIALLY USED OF RIDING HORSES
norta-,other animals)
norta-,OTHER ANIMALS)
norta-,Other animals)
nortil,cape (of land)
nortil,CAPE (OF LAND)
nortil,Cape (of land)
nos(së),kindred
nos(së),KINDRED
nos(së),Kindred
nos(së),family
nos(së),FAMILY
nos(së),Family
nosta-,to beget
nosta-,TO BEGET
nosta-,To beget
nosta-,be begotten
nosta-,BE BEGOTTEN
nosta-,Be begotten
nostar,parent
nostar,PARENT
nostar,Parent
nostar,begetter
nostar,BEGETTER
nostar,Begetter
ontari(l),*mother
ontari(l),*MOTHER
ontari(l),(lit.) genetrix
ontari(l),(LIT.) GENETRIX
not-,to count
not-,TO COUNT
not-,To count
notessë,numeral
notessë,NUMERAL
notessë,Numeral
nótië,*counting
nótië,*COUNTING
nótima,countable
nótima,COUNTABLE
nótima,Countable
nótima,limited in number (weight and measure); (colloquial) moderate in amount
nótima,LIMITED IN NUMBER (WEIGHT AND MEASURE); (COLLOQUIAL) MODERATE IN AMOUNT
nótima,Limited in number (weight and measure); (colloquial) moderate in amount
nótima,some
nótima,SOME
nótima,Some
nótima,few
nótima,FEW
nótima,Few
nótima,several
nótima,SEVERAL
nótima,Several
nuhta-,to stunt
nuhta-,TO STUNT
nuhta-,To stunt
nuhta-,prevent from coming to completion
nuhta-,PREVENT FROM COMING TO COMPLETION
nuhta-,Prevent from coming to completion
nuhta-,stop short
nuhta-,STOP SHORT
nuhta-,Stop short
nuhta-,not allow to continue
nuhta-,NOT ALLOW TO CONTINUE
nuhta-,Not allow to continue
núla¹,dark
núla¹,DARK
núla¹,Dark
núla¹,occult
núla¹,OCCULT
núla¹,Occult
núla¹,mysterious
núla¹,MYSTERIOUS
núla¹,Mysterious
núlë,black arts
núlë,BLACK ARTS
núlë,Black arts
núlë,sorcery
núlë,SORCERY
núlë,Sorcery
numba,bent
numba,BENT
numba,Bent
numba,humped
numba,HUMPED
numba,Humped
númen,west
númen,WEST
númen,West
númen,direction
númen,DIRECTION
númen,Direction
númen,region of the sunset
númen,REGION OF THE SUNSET
númen,Region of the sunset
númen,occident
númen,OCCIDENT
númen,Occident
númen,(lit.) going down
númen,(LIT.) GOING DOWN
númë,west
númë,WEST
númë,West
núna,western
núna,WESTERN
núna,Western
nunna,down[wards]
nunna,DOWN[WARDS]
nunna,Down[wards]
nuquerna,reversed
nuquerna,REVERSED
nuquerna,Reversed
nuquerna,inverted
nuquerna,INVERTED
nuquerna,Inverted
nuquerna,*(lit.) under-turned
nuquerna,*(LIT.) UNDER-TURNED
nurru-,to murmur
nurru-,TO MURMUR
nurru-,To murmur
nurru-,grumble
nurru-,GRUMBLE
nurru-,Grumble
nurru-,mumble
nurru-,MUMBLE
nurru-,Mumble
nurta-,to hide
nurta-,TO HIDE
nurta-,To hide
nurtalë,hiding
nurtalë,HIDING
nurtalë,Hiding
urtu,death
urtu,DEATH
urtu,Death
núta-,to lower
núta-,TO LOWER
núta-,To lower
andúta-,to lower
andúta-,TO LOWER
andúta-,To lower
nútaite,*(naturally) lowering
nútaite,*(NATURALLY) LOWERING
nútaite,?degrading
nútaite,?DEGRADING
nútil,under-point
nútil,UNDER-POINT
nútil,Under-point
nútima,*lowerable
nútima,*LOWERABLE
nuxo,Petty dwarf
nuxo,petty dwarf
nuxo,PETTY DWARF
núya-,to descend
núya-,TO DESCEND
núya-,To descend
andúya-,to descend
andúya-,TO DESCEND
andúya-,To descend
nwalmë,torment
nwalmë,TORMENT
nwalmë,Torment
nwámë,wolvish howling
nwámë,WOLVISH HOWLING
nwámë,Wolvish howling
nwar-,to fret
nwar-,TO FRET
nwar-,To fret
nwar-,wear away
nwar-,WEAR AWAY
nwar-,Wear away
nyar-,to relate
nyar-,TO RELATE
nyar-,To relate
nyar-,recite
nyar-,RECITE
nyar-,Recite
nyárë,history
nyárë,HISTORY
nyárë,History
nyárë,account
nyárë,ACCOUNT
nyárë,Account
nyarna,long epic tale
nyarna,LONG EPIC TALE
nyarna,Long epic tale
nyarna,story
nyarna,STORY
nyarna,Story
nyarna,legend
nyarna,LEGEND
nyarna,Legend
nyarnamaitar,storyteller
nyarnamaitar,STORYTELLER
nyarnamaitar,Storyteller
nyarnamaitar,composer of long epic tales
nyarnamaitar,COMPOSER OF LONG EPIC TALES
nyarnamaitar,Composer of long epic tales
nyellë,small bell
nyellë,SMALL BELL
nyellë,Small bell
öa,away (of movement)
öa,AWAY (OF MOVEMENT)
öa,Away (of movement)
öa-,to possess
öa-,TO POSSESS
öa-,To possess
öa-,own
öa-,OWN
öa-,Own
öa-,keep
öa-,KEEP
öa-,Keep
auta-²,to possess
auta-²,TO POSSESS
auta-²,To possess
auta-²,own
auta-²,OWN
auta-²,Own
auta-²,keep
auta-²,KEEP
auta-²,Keep
öar,(towards) away
öar,(TOWARDS) AWAY
avar,away down
avar,AWAY DOWN
avar,Away down
var,*from
var,*FROM
var,away to
var,AWAY TO
var,Away to
ócom-,to gather
ócom-,TO GATHER
ócom-,To gather
ócom-,assemble
ócom-,ASSEMBLE
ócom-,Assemble
(o)combë,gathering
(o)combë,GATHERING
(o)combë,Gathering
(o)combë,assembly
(o)combë,ASSEMBLY
(o)combë,Assembly
(o)combë,assemblage
(o)combë,ASSEMBLAGE
(o)combë,Assemblage
(o)combë,collection
(o)combë,COLLECTION
(o)combë,Collection
combë,gathering
combë,GATHERING
combë,Gathering
combë,assembly
combë,ASSEMBLY
combë,Assembly
combë,assemblage
combë,ASSEMBLAGE
combë,Assemblage
combë,collection
combë,COLLECTION
combë,Collection
ohlon,diphthong
ohlon,DIPHTHONG
ohlon,Diphthong
oholima,confidential
oholima,CONFIDENTIAL
oholima,Confidential
ohta,war
ohta,WAR
ohta,War
ohtar,warrior
ohtar,WARRIOR
ohtar,Warrior
oia(la),everlasting
oia(la),EVERLASTING
oia(la),Everlasting
oia(la),unceasing
oia(la),UNCEASING
oia(la),Unceasing
oia(la),without end
oia(la),WITHOUT END
oia(la),Without end
oia(la),for ever
oia(la),FOR EVER
oia(la),For ever
oiavë,everlastingly
oiavë,EVERLASTINGLY
oiavë,Everlastingly
oialëa,eternal
oialëa,ETERNAL
oialëa,Eternal
oi,ever
oi,EVER
oi,Ever
oi,everlastingly
oi,EVERLASTINGLY
oi,Everlastingly
oiolairë,ever-summer (a species of tree)
oiolairë,EVER-SUMMER (A SPECIES OF TREE)
oiolairë,Ever-summer (a species of tree)
ola-,to become
ola-,TO BECOME
ola-,To become
óla-,to dream (impersonal)
óla-,TO DREAM (IMPERSONAL)
óla-,To dream (impersonal)
ólama,consonant
ólama,CONSONANT
ólama,Consonant
ólamaitë,consonantal
ólamaitë,CONSONANTAL
ólamaitë,Consonantal
olass(i)ë,foliage
olass(i)ë,FOLIAGE
olass(i)ë,Foliage
olass(i)ë,collection of leaves
olass(i)ë,COLLECTION OF LEAVES
olass(i)ë,Collection of leaves
olba,branch
olba,BRANCH
olba,Branch
olca,bad
olca,BAD
olca,Bad
olca,wicked
olca,WICKED
olca,Wicked
olië,company
olië,COMPANY
olië,Company
olië,people together
olië,PEOPLE TOGETHER
olië,People together
ollë,*other one
ollë,*OTHER ONE
olmen,growth-year
olmen,GROWTH-YEAR
olmen,Growth-year
olmië,growth
olmië,GROWTH
olmië,Growth
oloirë,great flood
oloirë,GREAT FLOOD
oloirë,Great flood
oloiya-,to inundate
oloiya-,TO INUNDATE
oloiya-,To inundate
oloiya-,flood
oloiya-,FLOOD
oloiya-,Flood
olor,dream
olor,DREAM
olor,Dream
olor,vision
olor,VISION
olor,Vision
olos²,dream
olos²,DREAM
olos²,Dream
olos²,vision
olos²,VISION
olos²,Vision
olos¹,inflorescence
olos¹,INFLORESCENCE
olos¹,Inflorescence
olos¹,mass of flowers (on one plant)
olos¹,MASS OF FLOWERS (ON ONE PLANT)
olos¹,Mass of flowers (on one plant)
lós,inflorescence
lós,INFLORESCENCE
lós,Inflorescence
lós,mass of flowers
lós,MASS OF FLOWERS
lós,Mass of flowers
olosta,dreamy
olosta,DREAMY
olosta,Dreamy
olótë,bloom
olótë,BLOOM
olótë,Bloom
olótë,the flowers collectively of a single plant
olótë,THE FLOWERS COLLECTIVELY OF A SINGLE PLANT
olótë,The flowers collectively of a single plant
olva,plant
olva,PLANT
olva,Plant
olva,growing things with roots in the earth
olva,GROWING THINGS WITH ROOTS IN THE EARTH
olva,Growing things with roots in the earth
óma,voice
óma,VOICE
óma,Voice
óma,resonance of the vocal chords
óma,RESONANCE OF THE VOCAL CHORDS
óma,Resonance of the vocal chords
óma,vowel
óma,VOWEL
óma,Vowel
óman,vowel
óman,VOWEL
óman,Vowel
ómatailë,vowel lengthening
ómatailë,VOWEL LENGTHENING
ómatailë,Vowel lengthening
ómataima,vocalic extension
ómataima,VOCALIC EXTENSION
ómataima,Vocalic extension
ómataina,vocalic extension
ómataina,VOCALIC EXTENSION
ómataina,Vocalic extension
ómatehta,vowel-sign
ómatehta,VOWEL-SIGN
ómatehta,Vowel-sign
óma-tengwë,vowel-sign
óma-tengwë,VOWEL-SIGN
óma-tengwë,Vowel-sign
ombari,company
ombari,COMPANY
ombari,Company
ombari,dwellers together
ombari,DWELLERS TOGETHER
ombari,Dwellers together
omen-,to move to a common point
omen-,TO MOVE TO A COMMON POINT
omen-,To move to a common point
omen-,meet
omen-,MEET
omen-,Meet
omentië,meeting (of pathways)
omentië,MEETING (OF PATHWAYS)
omentië,Meeting (of pathways)
omentië,(lit.) coming together of journey-path
omentië,(LIT.) COMING TOGETHER OF JOURNEY-PATH
omentië,meeting
omentië,MEETING
omentië,Meeting
omentië,junction of the directions of two people
omentië,JUNCTION OF THE DIRECTIONS OF TWO PEOPLE
omentië,Junction of the directions of two people
ondo,stone (as a material)
ondo,STONE (AS A MATERIAL)
ondo,Stone (as a material)
ondo,(large mass of) rock
ondo,(LARGE MASS OF) ROCK
ondolunca,stonewain
ondolunca,STONEWAIN
ondolunca,Stonewain
ondomaitar,sculptor in stone
ondomaitar,SCULPTOR IN STONE
ondomaitar,Sculptor in stone
ondórëa,hard-hearted
ondórëa,HARD-HEARTED
ondórëa,Hard-hearted
ondórëa,pitiless
ondórëa,PITILESS
ondórëa,Pitiless
ongwë,crime
ongwë,CRIME
ongwë,Crime
onna,child
onna,CHILD
onna,Child
onwë,child
onwë,CHILD
onwë,Child
onot-,*to count up
onot-,*TO COUNT UP
onot-,reckon
onot-,RECKON
onot-,Reckon
onótië,*reckoning
onótië,*RECKONING
onótimo,*reckoner
onótimo,*RECKONER
onta-,to beget
onta-,TO BEGET
onta-,To beget
ontalë,descent
ontalë,DESCENT
ontalë,Descent
ontamo,mason (sculptor)
ontamo,MASON (SCULPTOR)
ontamo,Mason (sculptor)
ontavalië,puberty
ontavalië,PUBERTY
ontavalië,Puberty
ontavalië,*(lit.) able to beget
ontavalië,*(LIT.) ABLE TO BEGET
onya,my child
onya,MY CHILD
onya,My child
ópa,mouth (opening of which the lips are the edges)
ópa,MOUTH (OPENING OF WHICH THE LIPS ARE THE EDGES)
ópa,Mouth (opening of which the lips are the edges)
or-,to warn
or-,TO WARN
or-,To warn
or-,urge
or-,URGE
or-,Urge
or-,feel an urge/wish/desire
or-,FEEL AN URGE/WISH/DESIRE
or-,Feel an urge/wish/desire
ora-,to warn
ora-,TO WARN
ora-,To warn
ora-,urge
ora-,URGE
ora-,Urge
ora-,feel an urge/wish/desire
ora-,FEEL AN URGE/WISH/DESIRE
ora-,Feel an urge/wish/desire
órava-,*to have mercy
órava-,*TO HAVE MERCY
ócama-,*to have mercy
ócama-,*TO HAVE MERCY
orco,Orc
orco,orc
orco,ORC
orda,profound
orda,PROFOUND
orda,Profound
órë,heart (inner mind); warning
órë,HEART (INNER MIND); WARNING
órë,Heart (inner mind); warning
órë,caution
órë,CAUTION
órë,Caution
órë,(pre)monition
órë,(PRE)MONITION
óricuvoitë,uncommunicative
óricuvoitë,UNCOMMUNICATIVE
óricuvoitë,Uncommunicative
óricuvoitë,keeping one’s own counsel (not necessarily sinister)
óricuvoitë,KEEPING ONE’S OWN COUNSEL (NOT NECESSARILY SINISTER)
óricuvoitë,Keeping one’s own counsel (not necessarily sinister)
ormo,riser
ormo,RISER
ormo,Riser
ornë,(tall) tree
ornë,(TALL) TREE
ornemalin,[tree] bearing yellow flowers
ornemalin,[TREE] BEARING YELLOW FLOWERS
ornendur,tree-keep
ornendur,TREE-KEEP
ornendur,Tree-keep
ornendur,forester
ornendur,FORESTER
ornendur,Forester
ornendur,woodsman
ornendur,WOODSMAN
ornendur,Woodsman
oro,mount
oro,MOUNT
oro,Mount
oro,mountain
oro,MOUNTAIN
oro,Mountain
oro,hill
oro,HILL
oro,Hill
oroman,mountain dweller
oroman,MOUNTAIN DWELLER
oroman,Mountain dweller
oromar,lofty hall
oromar,LOFTY HALL
oromar,Lofty hall
oromar,high-mansion
oromar,HIGH-MANSION
oromar,High-mansion
oromar,high (lofty) dwelling
oromar,HIGH (LOFTY) DWELLING
oromar,High (lofty) dwelling
oron,mountain
oron,MOUNTAIN
oron,Mountain
orotinga,mountain-top
orotinga,MOUNTAIN-TOP
orotinga,Mountain-top
orróna,eastern
orróna,EASTERN
orróna,Eastern
orta-¹,to raise
orta-¹,TO RAISE
orta-¹,To raise
orta-¹,lift (up)
orta-¹,LIFT (UP)
orta-¹,Lift (up)
orta-¹,(lit.) cause to rise
orta-¹,(LIT.) CAUSE TO RISE
orta-²,to rise
orta-²,TO RISE
orta-²,To rise
ortil,up-point
ortil,UP-POINT
ortil,Up-point
ortírië,*patronage
ortírië,*PATRONAGE
ortírië,(lit.) watching over (from above)
ortírië,(LIT.) WATCHING OVER (FROM ABOVE)
orto,mount
orto,MOUNT
orto,Mount
orto,mountain
orto,MOUNTAIN
orto,Mountain
orto,hill
orto,HILL
orto,Hill
orwa,high
orwa,HIGH
orwa,High
orwa,lofty
orwa,LOFTY
orwa,Lofty
orna,high
orna,HIGH
orna,High
orna,lofty
orna,LOFTY
orna,Lofty
orya-¹,to rise
orya-¹,TO RISE
orya-¹,To rise
orya-²,*to raise
orya-²,*TO RAISE
oryandë,arising
oryandë,ARISING
oryandë,Arising
ósanwë,communication of thought
ósanwë,COMMUNICATION OF THOUGHT
ósanwë,Communication of thought
ósanwë,interchange of thought; (lit.) thinking together (dual)
ósanwë,INTERCHANGE OF THOUGHT; (LIT.) THINKING TOGETHER (DUAL)
ósanwë,Interchange of thought; (lit.) thinking together (dual)
ostimë,blend
ostimë,BLEND
ostimë,Blend
osto,fortress
osto,FORTRESS
osto,Fortress
osto,stronghold
osto,STRONGHOLD
osto,Stronghold
osto,strong place
osto,STRONG PLACE
osto,Strong place
ovéa,(con)similar
ovéa,(CON)SIMILAR
ovéa,alike
ovéa,ALIKE
ovéa,Alike
vávëa,(con)similar
vávëa,(CON)SIMILAR
vávëa,alike
vávëa,ALIKE
vávëa,Alike
pakta-,to speak
pakta-,TO SPEAK
pakta-,To speak
pakta-,talk (intransitive)
pakta-,TALK (INTRANSITIVE)
pakta-,Talk (intransitive)
pahta¹,closed
pahta¹,CLOSED
pahta¹,Closed
pahta¹,shut
pahta¹,SHUT
pahta¹,Shut
pahta¹,private
pahta¹,PRIVATE
pahta¹,Private
pahta²,speech
pahta²,SPEECH
pahta²,Speech
palantir-,to watch/look afar
palantir-,TO WATCH/LOOK AFAR
palantir-,To watch/look afar
palantír,far-gazer
palantír,FAR-GAZER
palantír,Far-gazer
palantír,far-seer
palantír,FAR-SEER
palantír,Far-seer
palantír,(lit.) that which looks far away
palantír,(LIT.) THAT WHICH LOOKS FAR AWAY
palanyantië,telepathy
palanyantië,TELEPATHY
palanyantië,Telepathy
palantímië,telepathy
palantímië,TELEPATHY
palantímië,Telepathy
palda,wide
palda,WIDE
palda,Wide
palda,broad
palda,BROAD
palda,Broad
palta,flat of the hand
palta,FLAT OF THE HAND
palta,Flat of the hand
palta-,to feel with the hand
palta-,TO FEEL WITH THE HAND
palta-,To feel with the hand
palta-,stroke
palta-,STROKE
palta-,Stroke
pan-,*to arrange
pan-,*TO ARRANGE
pan-,set in order
pan-,SET IN ORDER
pan-,Set in order
par-,to learn
par-,TO LEARN
par-,To learn
parca,naked (of persons)
parca,NAKED (OF PERSONS)
parca,Naked (of persons)
parma,book
parma,BOOK
parma,Book
parma,writing
parma,WRITING
parma,Writing
parma,composition
parma,COMPOSITION
parma,Composition
parma,written document of some size
parma,WRITTEN DOCUMENT OF SOME SIZE
parma,Written document of some size
parmahenta-,*to read
parmahenta-,*TO READ
parmahentië,(book) reading
parmahentië,(BOOK) READING
parma-resta,*book-fair
parma-resta,*BOOK-FAIR
parmatéma,p-series
parmatéma,P-SERIES
parmatéma,P-series
parnë,bald
parnë,BALD
parnë,Bald
parnë,bare
parnë,BARE
parnë,Bare
parnë,naked
parnë,NAKED
parnë,Naked
parna,bare
parna,BARE
parna,Bare
pas-,to smooth
pas-,TO SMOOTH
pas-,To smooth
pasta,smooth(ed)
pasta,SMOOTH(ED)
pasta,Smooth(ed)
pasta,sleek
pasta,SLEEK
pasta,Sleek
pasta,glabrous
pasta,GLABROUS
pasta,Glabrous
passa,smooth
passa,SMOOTH
passa,Smooth
passa,glabrous
passa,GLABROUS
passa,Glabrous
pasta-,to smooth
pasta-,TO SMOOTH
pasta-,To smooth
pasta-,iron
pasta-,IRON
pasta-,Iron
pata-,to walk
pata-,TO WALK
pata-,To walk
pataca,consonant
pataca,CONSONANT
pataca,Consonant
patta,smoothed
patta,SMOOTHED
patta,Smoothed
patta,sleek
patta,SLEEK
patta,Sleek
pé,(closed) mouth; lip
pé,(CLOSED) MOUTH; LIP
pecco,nut
pecco,NUT
pecco,Nut
peccuvo,squirrel
peccuvo,SQUIRREL
peccuvo,Squirrel
peccuvo,(lit.) nut-hider
peccuvo,(LIT.) NUT-HIDER
pel-,to go round
pel-,TO GO ROUND
pel-,To go round
pel-,encircle
pel-,ENCIRCLE
pel-,Encircle
pelma,border
pelma,BORDER
pelma,Border
pelma,fringe
pelma,FRINGE
pelma,Fringe
pelma,edge
pelma,EDGE
pelma,Edge
pelma,limiting device
pelma,LIMITING DEVICE
pelma,Limiting device
pelo,boundary (fence)
pelo,BOUNDARY (FENCE)
pelo,Boundary (fence)
peltas,fence of fixed stakes
peltas,FENCE OF FIXED STAKES
peltas,Fence of fixed stakes
peltas,a ‘pale’
peltas,A ‘PALE’
peltas,A ‘pale’
pempë,lip
pempë,LIP
pempë,Lip
pen-,not to have
pen-,NOT TO HAVE
pen-,Not to have
penda,sloping down
penda,SLOPING DOWN
penda,Sloping down
penda,(steeply) inclined
penda,(STEEPLY) INCLINED
penda-,to slope
penda-,TO SLOPE
penda-,To slope
penda-,incline
penda-,INCLINE
penda-,Incline
pendë,steep incline
pendë,STEEP INCLINE
pendë,Steep incline
pendë,hill side
pendë,HILL SIDE
pendë,Hill side
penga-,to pout
penga-,TO POUT
penga-,To pout
penna,vowel; (orig.) lacking
penna,VOWEL; (ORIG.) LACKING
penna,Vowel; (orig.) lacking
penquanta,full to the brim
penquanta,FULL TO THE BRIM
penquanta,Full to the brim
penquanta,with mouth full
penquanta,WITH MOUTH FULL
penquanta,With mouth full
penya,lacking
penya,LACKING
penya,Lacking
penya,inadequate
penya,INADEQUATE
penya,Inadequate
Perian,Halfling
Perian,halfling
Perian,HALFLING
pí,small insect
pí,SMALL INSECT
pí,Small insect
pí,fly
pí,FLY
pí,Fly
pia,little
pia,LITTLE
pia,Little
pic-,to lessen
pic-,TO LESSEN
pic-,To lessen
pic-,dwindle
pic-,DWINDLE
pic-,Dwindle
pic-,wane
pic-,WANE
pic-,Wane
picina,little
picina,LITTLE
picina,Little
pincë,little
pincë,LITTLE
pincë,Little
pilinehtar,a reed-like plant
pilinehtar,A REED-LIKE PLANT
pilinehtar,A reed-like plant
pilinehtar,(lit.) ?arrow thorn
pilinehtar,(LIT.) ?ARROW THORN
pirë,toe
pirë,TOE
pirë,Toe
pirindë,flower that opened and shut quickly with any change of light
pirindë,FLOWER THAT OPENED AND SHUT QUICKLY WITH ANY CHANGE OF LIGHT
pirindë,Flower that opened and shut quickly with any change of light
pirnë,flower that opened and shut quickly with any change of light
pirnë,FLOWER THAT OPENED AND SHUT QUICKLY WITH ANY CHANGE OF LIGHT
pirnë,Flower that opened and shut quickly with any change of light
pirucendëa,on the point of her toes
pirucendëa,ON THE POINT OF HER TOES
pirucendëa,On the point of her toes
pitya,petty
pitya,PETTY
pitya,Petty
pitya,little
pitya,LITTLE
pitya,Little
pol-,can
pol-,CAN
pol-,Can
pol-,to be (physically) able to
pol-,TO BE (PHYSICALLY) ABLE TO
pol-,To be (physically) able to
polda,big
polda,BIG
polda,Big
polë,meal
polë,MEAL
polë,Meal
polë,grist
polë,GRIST
polë,Grist
póna,forward
póna,FORWARD
póna,Forward
psar-,to rub
psar-,TO RUB
psar-,To rub
púlima,pourable
púlima,POURABLE
púlima,Pourable
púlima,liquid
púlima,LIQUID
púlima,Liquid
pupso,large fly
pupso,LARGE FLY
pupso,Large fly
púrëa,smeared
púrëa,SMEARED
púrëa,Smeared
púrëa,discoloured
púrëa,DISCOLOURED
púrëa,Discoloured
púrëa,bleared
púrëa,BLEARED
púrëa,Bleared
quácë,frog
quácë,FROG
quácë,Frog
quáco,crow
quáco,CROW
quáco,Crow
qual-,to die
qual-,TO DIE
qual-,To die
quanta,full
quanta,FULL
quanta,Full
quanta,filled
quanta,FILLED
quanta,Filled
quanta-,to fill
quanta-,TO FILL
quanta-,To fill
quantemma,facsimile
quantemma,FACSIMILE
quantemma,Facsimile
quantemma,*(lit.) full-picture
quantemma,*(LIT.) FULL-PICTURE
quantolië,maturity
quantolië,MATURITY
quantolië,Maturity
quár(ë),fist
quár(ë),FIST
quár(ë),Fist
quár(ë),closed hand
quár(ë),CLOSED HAND
quár(ë),Closed hand
quat-,to fill
quat-,TO FILL
quat-,To fill
quëa,vegetable
quëa,VEGETABLE
quëa,Vegetable
quel-,to fade
quel-,TO FADE
quel-,To fade
quelië,*fading
quelië,*FADING
quellë,late autumn and early winter
quellë,LATE AUTUMN AND EARLY WINTER
quellë,Late autumn and early winter
quellë,(lit.) fading
quellë,(LIT.) FADING
Quendë,Elf
Quendë,elf
Quendë,ELF
Quendë,(lit.) One That Speaks
Quendë,(lit.) one that speaks
Quendë,(LIT.) ONE THAT SPEAKS
Quendë,(lit.) one that speaks
quendi,female Elf
quendi,female elf
quendi,FEMALE ELF
quendi,Female elf
quendu,male Elf
quendu,male elf
quendu,MALE ELF
quendu,Male elf
quenelya,of the Elves
quenelya,of the elves
quenelya,OF THE ELVES
quenelya,Of the elves
quenna,saying
quenna,SAYING
quenna,Saying
quenna,proverb
quenna,PROVERB
quenna,Proverb
quenso,minstrel
quenso,MINSTREL
quenso,Minstrel
quenso,reciter
quenso,RECITER
quenso,Reciter
quenta,story
quenta,STORY
quenta,Story
quenta,narrative
quenta,NARRATIVE
quenta,Narrative
quenta,account
quenta,ACCOUNT
quenta,Account
quenta,history
quenta,HISTORY
quenta,History
quentalë,history
quentalë,HISTORY
quentalë,History
quentalë,narration
quentalë,NARRATION
quentalë,Narration
quentaro,speaker
quentaro,SPEAKER
quentaro,Speaker
quentaro,reciter
quentaro,RECITER
quentaro,Reciter
quentasta,historical account
quentasta,HISTORICAL ACCOUNT
quentasta,Historical account
Quenya,Elvish
Quenya,elvish
Quenya,ELVISH
Quenya,High-elven
Quenya,high-elven
Quenya,HIGH-ELVEN
Quenya,Elf-latin
Quenya,elf-latin
Quenya,ELF-LATIN
Quenya,†speech
Quenya,†SPEECH
Quendya,Elvish
Quendya,elvish
Quendya,ELVISH
Quenyarin,*of Quenya
Quenyarin,*of quenya
Quenyarin,*OF QUENYA
Quenyarin,*of quenya
quer-,to turn
quer-,TO TURN
quer-,To turn
queren,pivot
queren,PIVOT
queren,Pivot
queren,revolving centre
queren,REVOLVING CENTRE
queren,Revolving centre
querma,spinning wheel
querma,SPINNING WHEEL
querma,Spinning wheel
querma,turn-table
querma,TURN-TABLE
querma,Turn-table
querna,*turned
querna,*TURNED
quessë,feather
quessë,FEATHER
quessë,Feather
quessetéma,kw-series
quessetéma,KW-SERIES
quessetéma,Kw-series
questa,speech
questa,SPEECH
questa,Speech
questa,language
questa,LANGUAGE
questa,Language
quet-,to say
quet-,TO SAY
quet-,To say
quet-,speak
quet-,SPEAK
quet-,Speak
quet-,tell
quet-,TELL
quet-,Tell
quetië,words
quetië,WORDS
quetië,Words
quétima,speakable
quétima,SPEAKABLE
quétima,Speakable
quétima,pronounceable
quétima,PRONOUNCEABLE
quétima,Pronounceable
quétima,*able to be said
quétima,*ABLE TO BE SAID
quetta,word
quetta,WORD
quetta,Word
quín(ë),crest
quín(ë),CREST
quín(ë),Crest
quín(ë),ridge
quín(ë),RIDGE
quín(ë),Ridge
quinna,crested
quinna,CRESTED
quinna,Crested
quiquië,whenever
quiquië,WHENEVER
quiquië,Whenever
quië,whenever
quië,WHENEVER
quië,Whenever
quista-,to suppose
quista-,TO SUPPOSE
quista-,To suppose
rá¹,lion
rá¹,LION
rá¹,Lion
rac-,to break
rac-,TO BREAK
rac-,To break
racina,stripped
racina,STRIPPED
racina,Stripped
racina,deprived
racina,DEPRIVED
racina,Deprived
rácina,broken
rácina,BROKEN
rácina,Broken
raf-,to wave
raf-,TO WAVE
raf-,To wave
raf-,brandish
raf-,BRANDISH
raf-,Brandish
raica,crooked
raica,CROOKED
raica,Crooked
raima,net
raima,NET
raima,Net
raina¹,netted
raina¹,NETTED
raina¹,Netted
raina¹,enlaced
raina¹,ENLACED
raina¹,Enlaced
raina¹,caught in a net
raina¹,CAUGHT IN A NET
raina¹,Caught in a net
raina²,smiling
raina²,SMILING
raina²,Smiling
raina²,gracious
raina²,GRACIOUS
raina²,Gracious
raina²,sweet-faced
raina²,SWEET-FACED
raina²,Sweet-faced
rainë,*peace
rainë,*PEACE
rainë,good will
rainë,GOOD WILL
rainë,Good will
raita-¹,to make network
raita-¹,TO MAKE NETWORK
raita-¹,To make network
raita-¹,lace; to catch in a net
raita-¹,LACE; TO CATCH IN A NET
raita-¹,Lace; to catch in a net
rëa-,to make network
rëa-,TO MAKE NETWORK
rëa-,To make network
rëa-,lace
rëa-,LACE
rëa-,Lace
raita-²,to smile
raita-²,TO SMILE
raita-²,To smile
raiwë,lace
raiwë,LACE
raiwë,Lace
ral-,*to return
ral-,*TO RETURN
ráma,wing
ráma,WING
ráma,Wing
ráman,great ship for sailing on the Great Sea
ráman,great ship for sailing on the great sea
ráman,GREAT SHIP FOR SAILING ON THE GREAT SEA
ráman,Great ship for sailing on the great sea
rámannerte,ship-ennead
rámannerte,SHIP-ENNEAD
rámannerte,Ship-ennead
ramba,wall
ramba,WALL
ramba,Wall
Rána,Moon
Rána,moon
Rána,MOON
Rána,(lit.) Wayward
Rána,(lit.) wayward
Rána,(LIT.) WAYWARD
Rána,(lit.) wayward
ránasta,lunar month
ránasta,LUNAR MONTH
ránasta,Lunar month
ranga,yard
ranga,YARD
ranga,Yard
ranga,full pace
ranga,FULL PACE
ranga,Full pace
rantala,ladder
rantala,LADDER
rantala,Ladder
ranya,erratic wandering
ranya,ERRATIC WANDERING
ranya,Erratic wandering
ras-,to stick out
ras-,TO STICK OUT
ras-,To stick out
rasillo,squirrel
rasillo,SQUIRREL
rasillo,Squirrel
rassë,horn
rassë,HORN
rassë,Horn
ráta-,to excel
ráta-,TO EXCEL
ráta-,To excel
ráta-,surpass
ráta-,SURPASS
ráta-,Surpass
ratta,track
ratta,TRACK
ratta,Track
rauco,demon
rauco,DEMON
rauco,Demon
rauco,powerful hostile and terrible creature
rauco,POWERFUL HOSTILE AND TERRIBLE CREATURE
rauco,Powerful hostile and terrible creature
arauco,demon
arauco,DEMON
arauco,Demon
rauca,demon
rauca,DEMON
rauca,Demon
raumo,(noise of a) storm
raumo,(NOISE OF A) STORM
rauro,lion
rauro,LION
rauro,Lion
ráva,free
ráva,FREE
ráva,Free
ráva,unfettered
ráva,UNFETTERED
ráva,Unfettered
ráva,uncontrolled
ráva,UNCONTROLLED
ráva,Uncontrolled
ráva,lawless
ráva,LAWLESS
ráva,Lawless
rávë,roaring noise
rávë,ROARING NOISE
rávë,Roaring noise
rávëa,roaring
rávëa,ROARING
rávëa,Roaring
raxa,wain
raxa,WAIN
raxa,Wain
raxa,*wagon
raxa,*WAGON
raxë,*danger
raxë,*DANGER
ré,day (period from sunset to sunset)
ré,DAY (PERIOD FROM SUNSET TO SUNSET)
ré,Day (period from sunset to sunset)
rëa,single
rëa,SINGLE
rëa,Single
rehta-,to rescue
rehta-,TO RESCUE
rehta-,To rescue
rehta-,save
rehta-,SAVE
rehta-,Save
rehtië,rescue
rehtië,RESCUE
rehtië,Rescue
rehtië,saving
rehtië,SAVING
rehtië,Saving
rem-,to snare
rem-,TO SNARE
rem-,To snare
remba-,to net
remba-,TO NET
remba-,To net
remba-,entrap
remba-,ENTRAP
remba-,Entrap
rembë,mesh; net (for catching)
rembë,MESH; NET (FOR CATCHING)
rembë,Mesh; net (for catching)
rembë,hunter’s
rembë,HUNTER’S
rembë,Hunter’s
rembë,fisher’s net
rembë,FISHER’S NET
rembë,Fisher’s net
rembina,entangled; meshed
rembina,ENTANGLED; MESHED
rembina,Entangled; meshed
rembina,netted
rembina,NETTED
rembina,Netted
rembina,woven
rembina,WOVEN
rembina,Woven
remma,snare
remma,SNARE
remma,Snare
resta,sown field
resta,SOWN FIELD
resta,Sown field
resta,tilled ground
resta,TILLED GROUND
resta,Tilled ground
resta,acre; *fair
resta,ACRE; *FAIR
resta,Acre; *fair
retto,*climber
retto,*CLIMBER
ría,wreath
ría,WREATH
ría,Wreath
ría,garland
ría,GARLAND
ría,Garland
rië¹,garland
rië¹,GARLAND
rië¹,Garland
riendë,garland
riendë,GARLAND
riendë,Garland
ric-¹,to try
ric-¹,TO TRY
ric-¹,To try
ric-¹,put forth effort
ric-¹,PUT FORTH EFFORT
ric-¹,Put forth effort
ric-¹,strive
ric-¹,STRIVE
ric-¹,Strive
ric-¹,endeavour
ric-¹,ENDEAVOUR
ric-¹,Endeavour
rihta-,to strive
rihta-,TO STRIVE
rihta-,To strive
ric-²,to twist
ric-²,TO TWIST
ric-²,To twist
rië²,only
rië²,ONLY
rië²,Only
riel(lë),garlanded maiden
riel(lë),GARLANDED MAIDEN
riel(lë),Garlanded maiden
riel(lë),maiden crowned with a festive garland
riel(lë),MAIDEN CROWNED WITH A FESTIVE GARLAND
riel(lë),Maiden crowned with a festive garland
ríma,fillet
ríma,FILLET
ríma,Fillet
ríma,snood
ríma,SNOOD
ríma,Snood
rimbë,host
rimbë,HOST
rimbë,Host
rimbë,great number
rimbë,GREAT NUMBER
rimbë,Great number
rína,garlanded
rína,GARLANDED
rína,Garlanded
rína,crowned
rína,CROWNED
rína,Crowned
rindë,swift
rindë,SWIFT
rindë,Swift
ringa,cold
ringa,COLD
ringa,Cold
Ringarë,December
Ringarë,december
Ringarë,DECEMBER
Ringarë,*Coldness
Ringarë,*coldness
Ringarë,*COLDNESS
Ringarë,*coldness
rista-,*to cut
rista-,*TO CUT
ró,the[?] [?next]
ró,THE[?] [?NEXT]
ró,The[?] [?next]
röa,dog
röa,DOG
röa,Dog
rocco,horse
rocco,HORSE
rocco,Horse
rohta,*debt
rohta,*DEBT
rohta,trespass
rohta,TRESPASS
rohta,Trespass
luhta,*debt
luhta,*DEBT
luhta,trespass
luhta,TRESPASS
luhta,Trespass
lucië,*debt
lucië,*DEBT
lucië,trespass
lucië,TRESPASS
lucië,Trespass
lucassë,*debt
lucassë,*DEBT
lucassë,trespass
lucassë,TRESPASS
lucassë,Trespass
rohtalië,*debtors
rohtalië,*DEBTORS
rohtalië,trespassers
rohtalië,TRESPASSERS
rohtalië,Trespassers
rohtalië,(lit.) debt/trespass people
rohtalië,(LIT.) DEBT/TRESPASS PEOPLE
rocindë,*debtor
rocindë,*DEBTOR
rocindë,one who trespasses
rocindë,ONE WHO TRESPASSES
rocindë,One who trespasses
lucindo,*debtor
lucindo,*DEBTOR
lucindo,one who trespasses
lucindo,ONE WHO TRESPASSES
lucindo,One who trespasses
lucando,debtor
lucando,DEBTOR
lucando,Debtor
lucando,one who trespasses
lucando,ONE WHO TRESPASSES
lucando,One who trespasses
róma,horn
róma,HORN
róma,Horn
romba,horn
romba,HORN
romba,Horn
romba,trumpet
romba,TRUMPET
romba,Trumpet
rómen,east
rómen,EAST
rómen,East
rómen,uprising
rómen,UPRISING
rómen,Uprising
rómen,sunrise
rómen,SUNRISE
rómen,Sunrise
hróme(n),east
hróme(n),EAST
hróme(n),East
róme,east
róme,EAST
róme,East
ronda,solid
ronda,SOLID
ronda,Solid
ronda,firm
ronda,FIRM
ronda,Firm
rondo¹,vaulted
rondo¹,VAULTED
rondo¹,Vaulted
rondo¹,arched roof
rondo¹,ARCHED ROOF
rondo¹,Arched roof
rondo¹,vaulted hall
rondo¹,VAULTED HALL
rondo¹,Vaulted hall
rondo²,staff (of hardwood)
rondo²,STAFF (OF HARDWOOD)
rondo²,Staff (of hardwood)
ron(go),soon
ron(go),SOON
ron(go),Soon
roquen,horseman
roquen,HORSEMAN
roquen,Horseman
roquen,rider; knight
roquen,RIDER; KNIGHT
roquen,Rider; knight
rossë,rain; foam
rossë,RAIN; FOAM
rossë,Rain; foam
rotto,small grot
rotto,SMALL GROT
rotto,Small grot
rotto,tunnel
rotto,TUNNEL
rotto,Tunnel
ruc-,to feel fear
ruc-,TO FEEL FEAR
ruc-,To feel fear
ruc-,horror; *to flee (to)
ruc-,HORROR; *TO FLEE (TO)
ruc-,Horror; *to flee (to)
rúcima,terrible
rúcima,TERRIBLE
rúcima,Terrible
rúcina,confused
rúcina,CONFUSED
rúcina,Confused
rúcina,shattered
rúcina,SHATTERED
rúcina,Shattered
rúcina,disordered
rúcina,DISORDERED
rúcina,Disordered
rúcina,ruined
rúcina,RUINED
rúcina,Ruined
ruhta-,to terrify
ruhta-,TO TERRIFY
ruhta-,To terrify
ruimen,fireplace
ruimen,FIREPLACE
ruimen,Fireplace
ruimen,hearth
ruimen,HEARTH
ruimen,Hearth
ruina,blazing
ruina,BLAZING
ruina,Blazing
ruina,fiery
ruina,FIERY
ruina,Fiery
ruinë,fire
ruinë,FIRE
ruinë,Fire
ruinë,blaze
ruinë,BLAZE
ruinë,Blaze
rum-,to shift
rum-,TO SHIFT
rum-,To shift
rum-,move
rum-,MOVE
rum-,Move
rum-,heave (of large and heavy things)
rum-,HEAVE (OF LARGE AND HEAVY THINGS)
rum-,Heave (of large and heavy things)
rúna-,to free
rúna-,TO FREE
rúna-,To free
runando,*redeemer
runando,*REDEEMER
runda,smooth
runda,SMOOTH
runda,Smooth
runda,polished
runda,POLISHED
runda,Polished
runya,fiery red
runya,FIERY RED
runya,Fiery red
rúnya,red flame
rúnya,RED FLAME
rúnya,Red flame
rusca¹,red-brown
rusca¹,RED-BROWN
rusca¹,Red-brown
rusco,fox
rusco,FOX
rusco,Fox
ruscuitë,foxy
ruscuitë,FOXY
ruscuitë,Foxy
rúsë,wrath
rúsë,WRATH
rúsë,Wrath
rúsëa,wrathful
rúsëa,WRATHFUL
rúsëa,Wrathful
russa,red-haired
russa,RED-HAIRED
russa,Red-haired
russë,head
russë,HEAD
russë,Head
russë,pelt of red hair
russë,PELT OF RED HAIR
russë,Pelt of red hair
ruxa,wroth
ruxa,WROTH
ruxa,Wroth
rusca²,wroth
rusca²,WROTH
rusca²,Wroth
ruxa-,to crumble
ruxa-,TO CRUMBLE
ruxa-,To crumble
ruxotompalë,Great Bear-dance
ruxotompalë,great bear-dance
ruxotompalë,GREAT BEAR-DANCE
ruxotompalë,Great bear-dance
aþa,I agree of course
aþa,i agree of course
aþa,I AGREE OF COURSE
aþa,of course I do
aþa,of course i do
aþa,OF COURSE I DO
aþa,Of course i do
þá,I agree of course
þá,i agree of course
þá,I AGREE OF COURSE
þá,of course I do
þá,of course i do
þá,OF COURSE I DO
þá,Of course i do
sac-,to close
sac-,TO CLOSE
sac-,To close
sahta,marred
sahta,MARRED
sahta,Marred
sahta-,to induce
sahta-,TO INDUCE
sahta-,To induce
sahtië,pressure
sahtië,PRESSURE
sahtië,Pressure
sahtië,force (to do something against one’s will
sahtië,FORCE (TO DO SOMETHING AGAINST ONE’S WILL
sahtië,Force (to do something against one’s will
sahtië,conscience)
sahtië,CONSCIENCE)
sahtië,Conscience)
saila,wise
saila,WISE
saila,Wise
sam-,to have
sam-,TO HAVE
sam-,To have
sámo,helper
sámo,HELPER
sámo,Helper
sampanë,combination
sampanë,COMBINATION
sampanë,Combination
sana-,*to think
sana-,*TO THINK
sana-,reflect
sana-,REFLECT
sana-,Reflect
sanar,mind
sanar,MIND
sanar,Mind
sanar,thinker
sanar,THINKER
sanar,Thinker
sanar,reflector
sanar,REFLECTOR
sanar,Reflector
sáma,mind
sáma,MIND
sáma,Mind
sanda,shield
sanda,SHIELD
sanda,Shield
sandastan,shield-barrier
sandastan,SHIELD-BARRIER
sandastan,Shield-barrier
sanga,throng
sanga,THRONG
sanga,Throng
sanga,press
sanga,PRESS
sanga,Press
sanga,pressure
sanga,PRESSURE
sanga,Pressure
sangië,necessity
sangië,NECESSITY
sangië,Necessity
sangië,*pressing need
sangië,*PRESSING NEED
sangië,concern
sangië,CONCERN
sangië,Concern
sanomë,there
sanomë,THERE
sanomë,There
sanwë,thought
sanwë,THOUGHT
sanwë,Thought
sanwë,an act of thinking
sanwë,AN ACT OF THINKING
sanwë,An act of thinking
sanwecenda,thought-inspection
sanwecenda,THOUGHT-INSPECTION
sanwecenda,Thought-inspection
sanwecenda,thought-reading
sanwecenda,THOUGHT-READING
sanwecenda,Thought-reading
sanwë-latya,thought-opening
sanwë-latya,THOUGHT-OPENING
sanwë-latya,Thought-opening
sanwementa,thought-sending
sanwementa,THOUGHT-SENDING
sanwementa,Thought-sending
sanwementa,mental message
sanwementa,MENTAL MESSAGE
sanwementa,Mental message
samna,delved hole
samna,DELVED HOLE
samna,Delved hole
samna,pit
samna,PIT
samna,Pit
sáquet-,I will
sáquet-,i will
sáquet-,I WILL
sáquet-,to agree (to do); (lit.) to say ‘yes’
sáquet-,TO AGREE (TO DO); (LIT.) TO SAY ‘YES’
sáquet-,To agree (to do); (lit.) to say ‘yes’
þáquet-,to say ‘yes’
þáquet-,TO SAY ‘YES’
þáquet-,To say ‘yes’
þáquet-,I will
þáquet-,i will
þáquet-,I WILL
þáquet-,agree (to do)
þáquet-,AGREE (TO DO)
þáquet-,Agree (to do)
sar,stone (small)
sar,STONE (SMALL)
sar,Stone (small)
sára,*bitter
sára,*BITTER
sarat,letter (of the Rúmilian alphabet)
sarat,letter (of the rúmilian alphabet)
sarat,LETTER (OF THE RÚMILIAN ALPHABET)
sarat,Letter (of the rúmilian alphabet)
sarda,hard (*as stone)
sarda,HARD (*AS STONE)
sarda,Hard (*as stone)
sarë,ford
sarë,FORD
sarë,Ford
sarmë,writing
sarmë,WRITING
sarmë,Writing
sarnië,shingle
sarnië,SHINGLE
sarnië,Shingle
sarnië,pebble bank
sarnië,PEBBLE BANK
sarnië,Pebble bank
sarta,steadfast
sarta,STEADFAST
sarta,Steadfast
sarta,trusty
sarta,TRUSTY
sarta,Trusty
sarta,loyal
sarta,LOYAL
sarta,Loyal
sat-,to set aside
sat-,TO SET ASIDE
sat-,To set aside
sat-,appropriate to a special purpose
sat-,APPROPRIATE TO A SPECIAL PURPOSE
sat-,Appropriate to a special purpose
sat-,owner
sat-,OWNER
sat-,Owner
satar,trusty follower
satar,TRUSTY FOLLOWER
satar,Trusty follower
satar,loyal companion
satar,LOYAL COMPANION
satar,Loyal companion
sarto,trusty follower
sarto,TRUSTY FOLLOWER
sarto,Trusty follower
sarto,loyal companion
sarto,LOYAL COMPANION
sarto,Loyal companion
satya,private
satya,PRIVATE
satya,Private
satya,separate
satya,SEPARATE
satya,Separate
satya,not common
satya,NOT COMMON
satya,Not common
satya,excluded
satya,EXCLUDED
satya,Excluded
saucarë,doing
saucarë,DOING
saucarë,Doing
saucarë,making a thing very badly
saucarë,MAKING A THING VERY BADLY
saucarë,Making a thing very badly
saucarya,evil-doing
saucarya,EVIL-DOING
saucarya,Evil-doing
saura,cruel
saura,CRUEL
saura,Cruel
saura,evil
saura,EVIL
saura,Evil
saura,vile; stinking
saura,VILE; STINKING
saura,Vile; stinking
saura,foul; bad
saura,FOUL; BAD
saura,Foul; bad
saura,unhealthy
saura,UNHEALTHY
saura,Unhealthy
saura,ill
saura,ILL
saura,Ill
saura,wretched
saura,WRETCHED
saura,Wretched
sav-,to believe
sav-,TO BELIEVE
sav-,To believe
seldë,daughter
seldë,DAUGHTER
seldë,Daughter
selma,fixed idea
selma,FIXED IDEA
selma,Fixed idea
selma,will
selma,WILL
selma,Will
þelma,fixed idea
þelma,FIXED IDEA
þelma,Fixed idea
þelma,will
þelma,WILL
þelma,Will
seltil,daughter [finger name]
seltil,DAUGHTER [FINGER NAME]
seltil,Daughter [finger name]
selyë,daughter (diminutive)
selyë,DAUGHTER (DIMINUTIVE)
selyë,Daughter (diminutive)
sen-,to let loose
sen-,TO LET LOOSE
sen-,To let loose
sen-,free
sen-,FREE
sen-,Free
sen-,let go
sen-,LET GO
sen-,Let go
senta,short
senta,SHORT
senta,Short
senna,short
senna,SHORT
senna,Short
senya¹,usual
senya¹,USUAL
senya¹,Usual
senwa,usual
senwa,USUAL
senwa,Usual
senya²,*my child
senya²,*MY CHILD
ser-,*to sew
ser-,*TO SEW
sercë,blood
sercë,BLOOD
sercë,Blood
sercilixa,blood-thirsty
sercilixa,BLOOD-THIRSTY
sercilixa,Blood-thirsty
sérë,*peace
sérë,*PEACE
serindë,broideress
serindë,BROIDERESS
serindë,Broideress
serindë,needlewoman
serindë,NEEDLEWOMAN
serindë,Needlewoman
serindë,*seamstress
serindë,*SEAMSTRESS
sí,now
sí,NOW
sí,Now
sír,now
sír,NOW
sír,Now
sië,thus
sië,THUS
sië,Thus
sil-,to shine (white)
sil-,TO SHINE (WHITE)
sil-,To shine (white)
silima,crystal substance devised by Fëanor
silima,crystal substance devised by fëanor
silima,CRYSTAL SUBSTANCE DEVISED BY FËANOR
silima,Crystal substance devised by fëanor
sillë,like this
sillë,LIKE THIS
sillë,Like this
silmë,starlight
silmë,STARLIGHT
silmë,Starlight
silmë nuquerna,s-reversed
silmë nuquerna,S-REVERSED
silmë nuquerna,S-reversed
silo,hence
silo,HENCE
silo,Hence
sio,hence
sio,HENCE
sio,Hence
silumë,now
silumë,NOW
silumë,Now
silumë,(lit.) at this time
silumë,(LIT.) AT THIS TIME
síma,imagination
síma,IMAGINATION
síma,Imagination
síma,mind
síma,MIND
síma,Mind
isima,imagination
isima,IMAGINATION
isima,Imagination
isima,mind
isima,MIND
isima,Mind
simen,hither
simen,HITHER
simen,Hither
sin¹,*thus
sin¹,*THUS
sincahonda,flint-hearted
sincahonda,FLINT-HEARTED
sincahonda,Flint-hearted
sinda,grey
sinda,GREY
sinda,Grey
sindë,grey
sindë,GREY
sindë,Grey
sindë,pale
sindë,PALE
sindë,Pale
sindë,silvery grey
sindë,SILVERY GREY
sindë,Silvery grey
Sindarin,Grey-elven
Sindarin,grey-elven
Sindarin,GREY-ELVEN
Sindel,Grey-elf
Sindel,grey-elf
Sindel,GREY-ELF
sindië,greyness
sindië,GREYNESS
sindië,Greyness
sinen,by this means
sinen,BY THIS MEANS
sinen,By this means
sinen,so
sinen,SO
sinen,So
sinomë,here
sinomë,HERE
sinomë,Here
sinomë,(lit.) in this place
sinomë,(LIT.) IN THIS PLACE
sintamo,smith
sintamo,SMITH
sintamo,Smith
sinwa,known
sinwa,KNOWN
sinwa,Known
sinwa,certain
sinwa,CERTAIN
sinwa,Certain
sinwa,ascertained
sinwa,ASCERTAINED
sinwa,Ascertained
sir(a),hither
sir(a),HITHER
sir(a),Hither
hyázë,*this day
hyázë,*THIS DAY
sír(ë),river
sír(ë),RIVER
sír(ë),River
sirya-,to flow
sirya-,TO FLOW
sirya-,To flow
sisíla-,to shine (frequentative)
sisíla-,TO SHINE (FREQUENTATIVE)
sisíla-,To shine (frequentative)
sissë,here
sissë,HERE
sissë,Here
sís,here
sís,HERE
sís,Here
sítë,of this sort
sítë,OF THIS SORT
sítë,Of this sort
sívë²,peace
sívë²,PEACE
sívë²,Peace
sívë³,knowing
sívë³,KNOWING
sívë³,Knowing
sívë³,knowledge
sívë³,KNOWLEDGE
sívë³,Knowledge
söa,filth
söa,FILTH
söa,Filth
soica,thirsty
soica,THIRSTY
soica,Thirsty
sól,?helmet
sól,?HELMET
sól,?top
sól,?TOP
solma¹,?helmet
solma¹,?HELMET
solma¹,?top
solma¹,?TOP
solos,?helmet
solos,?HELMET
solos,?top
solos,?TOP
solma²,hall
solma²,HALL
solma²,Hall
solma²,chamber
solma²,CHAMBER
solma²,Chamber
songa,mouth (interior cavity behind the teeth containing the tongue)
songa,MOUTH (INTERIOR CAVITY BEHIND THE TEETH CONTAINING THE TONGUE)
songa,Mouth (interior cavity behind the teeth containing the tongue)
sánë,pine
sánë,PINE
sánë,Pine
sorna,steadfast
sorna,STEADFAST
sorna,Steadfast
soron,eagle
soron,EAGLE
soron,Eagle
sorno,eagle
sorno,EAGLE
sorno,Eagle
þorya-,to dread
þorya-,TO DREAD
þorya-,To dread
þorya-,feel fear
þorya-,FEEL FEAR
þorya-,Feel fear
þossë,fear
þossë,FEAR
þossë,Fear
þosta-,to put to fright
þosta-,TO PUT TO FRIGHT
þosta-,To put to fright
þosta-,terrify
þosta-,TERRIFY
þosta-,Terrify
sú,sound of wind
sú,SOUND OF WIND
sú,Sound of wind
súlë,breath; (movement of) spirit
súlë,BREATH; (MOVEMENT OF) SPIRIT
súlë,Breath; (movement of) spirit
súlë,emission of power (of will
súlë,EMISSION OF POWER (OF WILL
súlë,Emission of power (of will
súlë,desire)
súlë,DESIRE)
súlë,Desire)
þúlë,spirit
þúlë,SPIRIT
þúlë,Spirit
Súlimë,March
Súlimë,march
Súlimë,MARCH
Súlimë,*Windy-one
Súlimë,*windy-one
Súlimë,*WINDY-ONE
Súlimë,*windy-one
súma,hollow cavity
súma,HOLLOW CAVITY
súma,Hollow cavity
súma,bosom
súma,BOSOM
súma,Bosom
sundo,base
sundo,BASE
sundo,Base
sundo,root
sundo,ROOT
sundo,Root
sundo,root-word
sundo,ROOT-WORD
sundo,Root-word
sundóma,determinant vowel
sundóma,DETERMINANT VOWEL
sundóma,Determinant vowel
sundóma,root-vowel
sundóma,ROOT-VOWEL
sundóma,Root-vowel
sur-,*to seek
sur-,*TO SEEK
þur-,*to seek
þur-,*TO SEEK
súrë,wind
súrë,WIND
súrë,Wind
súrë,breeze
súrë,BREEZE
súrë,Breeze
surië,*(an act of) seeking
surië,*(AN ACT OF) SEEKING
þurië,*(an act of) seeking
þurië,*(AN ACT OF) SEEKING
súriquessë,species of grass
súriquessë,SPECIES OF GRASS
súriquessë,Species of grass
súriquessë,(lit.) wind feather
súriquessë,(LIT.) WIND FEATHER
surya-,to blow (intr.)
surya-,TO BLOW (INTR.)
surya-,To blow (intr.)
sussë,puff (of air)
sussë,PUFF (OF AIR)
sussë,Puff (of air)
susta-,to blow (tr.)
susta-,TO BLOW (TR.)
susta-,To blow (tr.)
súta-,to blow (tr.)
súta-,TO BLOW (TR.)
súta-,To blow (tr.)
tá,then
tá,THEN
tá,Then
tai³,then
tai³,THEN
tai³,Then
tailë,lengthening
tailë,LENGTHENING
tailë,Lengthening
taima,extension
taima,EXTENSION
taima,Extension
taina²,extension
taina²,EXTENSION
taina²,Extension
taina¹,stretched
taina¹,STRETCHED
taina¹,Stretched
taina¹,elongated
taina¹,ELONGATED
taina¹,Elongated
taitë,of that sort
taitë,OF THAT SORT
taitë,Of that sort
tál,foot
tál,FOOT
tál,Foot
talan,flat space
talan,FLAT SPACE
talan,Flat space
talan,platform
talan,PLATFORM
talan,Platform
talca,post
talca,POST
talca,Post
talca,mark
talca,MARK
talca,Mark
tal(da),to the bottom
tal(da),TO THE BOTTOM
tal(da),To the bottom
tallë,like that
tallë,LIKE THAT
tallë,Like that
tallë,*in that way
tallë,*IN THAT WAY
talma¹,basis
talma¹,BASIS
talma¹,Basis
talma²,flat space
talma²,FLAT SPACE
talma²,Flat space
talma²,platform
talma²,PLATFORM
talma²,Platform
talo,thence
talo,THENCE
talo,Thence
tó,thence
tó,THENCE
tó,Thence
talta,tottering
talta,TOTTERING
talta,Tottering
talta,unsteady
talta,UNSTEADY
talta,Unsteady
talta-,to slip
talta-,TO SLIP
talta-,To slip
talta-,slide down
talta-,SLIDE DOWN
talta-,Slide down
talta-,collapse
talta-,COLLAPSE
talta-,Collapse
talta-,fall
talta-,FALL
talta-,Fall
taltil,toe
taltil,TOE
taltil,Toe
taltil,*(lit.) foot-tip
taltil,*(LIT.) FOOT-TIP
talumë,at that time
talumë,AT THAT TIME
talumë,At that time
taman,thing made by handicraft
taman,THING MADE BY HANDICRAFT
taman,Thing made by handicraft
tamen,thither
tamen,THITHER
tamen,Thither
tamma,tool
tamma,TOOL
tamma,Tool
tamo¹,smith
tamo¹,SMITH
tamo¹,Smith
tamo¹,builder
tamo¹,BUILDER
tamo¹,Builder
tamo¹,wright
tamo¹,WRIGHT
tamo¹,Wright
tamo¹,artificer
tamo¹,ARTIFICER
tamo¹,Artificer
tana-,to show
tana-,TO SHOW
tana-,To show
tana-,indicate
tana-,INDICATE
tana-,Indicate
tancal(a),brooch
tancal(a),BROOCH
tancal(a),Brooch
tancal(a),clasp
tancal(a),CLASP
tancal(a),Clasp
tancarya-,*to become firm
tancarya-,*TO BECOME FIRM
tancata-,to make firm
tancata-,TO MAKE FIRM
tancata-,To make firm
tancata-,fix
tancata-,FIX
tancata-,Fix
tancata-,confirm
tancata-,CONFIRM
tancata-,Confirm
tanen,in that way
tanen,IN THAT WAY
tanen,In that way
taniquelassë,*high-white-leaf
taniquelassë,*HIGH-WHITE-LEAF
tanna¹,sign
tanna¹,SIGN
tanna¹,Sign
tanna¹,token
tanna¹,TOKEN
tanna¹,Token
tanwa,sign
tanwa,SIGN
tanwa,Sign
tanwa,token
tanwa,TOKEN
tanwa,Token
tanna²,thither
tanna²,THITHER
tanna²,Thither
tanomë,there
tanomë,THERE
tanomë,There
tanomë,(lit.) in the place (referred to)
tanomë,(LIT.) IN THE PLACE (REFERRED TO)
tanta-,to play a harp
tanta-,TO PLAY A HARP
tanta-,To play a harp
tant(il)a,harp
tant(il)a,HARP
tant(il)a,Harp
tapta,impeded
tapta,IMPEDED
tapta,Impeded
tar,honorific
tar,HONORIFIC
tar,Honorific
tar,sir
tar,SIR
tar,Sir
tar,madam
tar,MADAM
tar,Madam
tar-²,to stand
tar-²,TO STAND
tar-²,To stand
tar(a),thither
tar(a),THITHER
tar(a),Thither
tára¹,lofty
tára¹,LOFTY
tára¹,Lofty
tára¹,tall
tára¹,TALL
tára¹,Tall
tára¹,high
tára¹,HIGH
tára¹,High
tára²,wise
tára²,WISE
tára²,Wise
taras,a great towering building (fort/city/castle)
taras,A GREAT TOWERING BUILDING (FORT/CITY/CASTLE)
taras,A great towering building (fort/city/castle)
taras,tower
taras,TOWER
taras,Tower
tarhanwa,throne
tarhanwa,THRONE
tarhanwa,Throne
tarhanwa,(lit.) high seat
tarhanwa,(LIT.) HIGH SEAT
arcanwa,*throne
arcanwa,*THRONE
tári,queen
tári,QUEEN
tári,Queen
tárië,height
tárië,HEIGHT
tárië,Height
Tárion,alternate name of the last day of the Eldarin six-day week
Tárion,alternate name of the last day of the eldarin six-day week
Tárion,ALTERNATE NAME OF THE LAST DAY OF THE ELDARIN SIX-DAY WEEK
Tárion,Alternate name of the last day of the eldarin six-day week
táris(së),queenship
táris(së),QUEENSHIP
táris(së),Queenship
tarma,pillar
tarma,PILLAR
tarma,Pillar
tarminas,great towering building (fort/city/castle)
tarminas,GREAT TOWERING BUILDING (FORT/CITY/CASTLE)
tarminas,Great towering building (fort/city/castle)
tarminas,tower
tarminas,TOWER
tarminas,Tower
tasar(ë),willow
tasar(ë),WILLOW
tasar(ë),Willow
tassa,index finger
tassa,INDEX FINGER
tassa,Index finger
tassë,there
tassë,THERE
tassë,There
tás,there
tás,THERE
tás,There
tata,*daddy
tata,*DADDY
tauca,stiff
tauca,STIFF
tauca,Stiff
tauca,wooden
tauca,WOODEN
tauca,Wooden
taura,(very) mighty
taura,(VERY) MIGHTY
taura,masterful; vast
taura,MASTERFUL; VAST
taura,Masterful; vast
taura,of unmeasured might
taura,OF UNMEASURED MIGHT
taura,Of unmeasured might
taura,size
taura,SIZE
taura,Size
taurë,forest
taurë,FOREST
taurë,Forest
taurë,(great) wood
taurë,(GREAT) WOOD
taurëa,forested
taurëa,FORESTED
taurëa,Forested
tautamo,carpenter
tautamo,CARPENTER
tautamo,Carpenter
tautamo,[wood] carver
tautamo,[WOOD] CARVER
tav-,*to endure
tav-,*TO ENDURE
táva,great tree
táva,GREAT TREE
táva,Great tree
tëa-,to indicate
tëa-,TO INDICATE
tëa-,To indicate
tecil,pen
tecil,PEN
tecil,Pen
tehta,(written) mark
tehta,(WRITTEN) MARK
tehta,sign
tehta,SIGN
tehta,Sign
tehta,symbol
tehta,SYMBOL
tehta,Symbol
tehta,†written letter
tehta,†WRITTEN LETTER
tel-,to end
tel-,TO END
tel-,To end
tel-,finish (intr.)
tel-,FINISH (INTR.)
tel-,Finish (intr.)
telco,leg; stem
telco,LEG; STEM
telco,Leg; stem
telconta-,to stride
telconta-,TO STRIDE
telconta-,To stride
telconta-,*(lit.) to leg it
telconta-,*(LIT.) TO LEG IT
telda,last
telda,LAST
telda,Last
telda,final
telda,FINAL
telda,Final
telepta,silver
telepta,SILVER
telepta,Silver
telluma,dome
telluma,DOME
telluma,Dome
telluma,cupola
telluma,CUPOLA
telluma,Cupola
telluma,vault
telluma,VAULT
telluma,Vault
telma,conclusion
telma,CONCLUSION
telma,Conclusion
telma,anything used to finish off a work
telma,ANYTHING USED TO FINISH OFF A WORK
telma,Anything used to finish off a work
telma,affair
telma,AFFAIR
telma,Affair
telpë,silver
telpë,SILVER
telpë,Silver
tyelpë,silver
tyelpë,SILVER
tyelpë,Silver
telpina,like silver (in hue
telpina,LIKE SILVER (IN HUE
telpina,Like silver (in hue
telpina,worth)
telpina,WORTH)
telpina,Worth)
telperin,like silver (in hue
telperin,LIKE SILVER (IN HUE
telperin,Like silver (in hue
telperin,worth)
telperin,WORTH)
telperin,Worth)
telu,last
telu,LAST
telu,Last
telumë,roof
telumë,ROOF
telumë,Roof
telumë,canopy; heaven
telumë,CANOPY; HEAVEN
telumë,Canopy; heaven
telumë,sky
telumë,SKY
telumë,Sky
telya-,to finish
telya-,TO FINISH
telya-,To finish
telya-,wind up
telya-,WIND UP
telya-,Wind up
telya-,conclude (trans.)
telya-,CONCLUDE (TRANS.)
telya-,Conclude (trans.)
téma,series
téma,SERIES
téma,Series
tenna²,letter (epistola)
tenna²,LETTER (EPISTOLA)
tenna²,Letter (epistola)
tengwa,(written) letter; sign
tengwa,(WRITTEN) LETTER; SIGN
tengwa,token
tengwa,TOKEN
tengwa,Token
tengwa,indicator
tengwa,INDICATOR
tengwa,Indicator
tengwa-,to read written matter
tengwa-,TO READ WRITTEN MATTER
tengwa-,To read written matter
tengwacilmë,spelling
tengwacilmë,SPELLING
tengwacilmë,Spelling
tengwassë,alphabet
tengwassë,ALPHABET
tengwassë,Alphabet
tengwë,sign
tengwë,SIGN
tengwë,Sign
tengwë,token
tengwë,TOKEN
tengwë,Token
tengwë,indication; writing
tengwë,INDICATION; WRITING
tengwë,Indication; writing
tengwelë,language (general term)
tengwelë,LANGUAGE (GENERAL TERM)
tengwelë,Language (general term)
tengwesta,grammar
tengwesta,GRAMMAR
tengwesta,Grammar
tengwesta,morphology
tengwesta,MORPHOLOGY
tengwesta,Morphology
tengwesta,system
tengwesta,SYSTEM
tengwesta,System
tengwesta,code of signs
tengwesta,CODE OF SIGNS
tengwesta,Code of signs
tengwesta,collection of matter concerning writing
tengwesta,COLLECTION OF MATTER CONCERNING WRITING
tengwesta,Collection of matter concerning writing
tengwesta,*language structure
tengwesta,*LANGUAGE STRUCTURE
tengwestië,language [as a concept]
tengwestië,LANGUAGE [AS A CONCEPT]
tengwestië,Language [as a concept]
tengwië,reading; language (*signing)
tengwië,READING; LANGUAGE (*SIGNING)
tengwië,Reading; language (*signing)
tenna³,thought
tenna³,THOUGHT
tenna³,Thought
tenna³,notion
tenna³,NOTION
tenna³,Notion
tenna³,idea
tenna³,IDEA
tenna³,Idea
tennoio,forever
tennoio,FOREVER
tennoio,Forever
tensi,already
tensi,ALREADY
tensi,Already
tensi,still
tensi,STILL
tensi,Still
tensi,up to now/here; yet [from present]
tensi,UP TO NOW/HERE; YET [FROM PRESENT]
tensi,Up to now/here; yet [from present]
tenta,still
tenta,STILL
tenta,Still
tenta,yet [past]
tenta,YET [PAST]
tenta,Yet [past]
tenta-,to point (to/out)
tenta-,TO POINT (TO/OUT)
tenta-,To point (to/out)
tenta-,indicate; to direct toward
tenta-,INDICATE; TO DIRECT TOWARD
tenta-,Indicate; to direct toward
tenta-,be directed toward; to go forth towards (with object)
tenta-,BE DIRECTED TOWARD; TO GO FORTH TOWARDS (WITH OBJECT)
tenta-,Be directed toward; to go forth towards (with object)
tercáno,herald
tercáno,HERALD
tercáno,Herald
tercen,insight
tercen,INSIGHT
tercen,Insight
tercen,*(lit.) through-sight
tercen,*(LIT.) THROUGH-SIGHT
tercenya,of insight
tercenya,OF INSIGHT
tercenya,Of insight
tercenya,*perceptive
tercenya,*PERCEPTIVE
termar-,to stand
termar-,TO STAND
termar-,To stand
termar-,*endure
termar-,*ENDURE
termar-,last
termar-,LAST
termar-,Last
termar-,(lit.) through-abide
termar-,(LIT.) THROUGH-ABIDE
tië,path
tië,PATH
tië,Path
tië,road
tië,ROAD
tië,Road
tië,way
tië,WAY
tië,Way
tië,line
tië,LINE
tië,Line
tihta-,to blink
tihta-,TO BLINK
tihta-,To blink
tihta-,peer
tihta-,PEER
tihta-,Peer
tildë,a fine sharp point
tildë,A FINE SHARP POINT
tildë,A fine sharp point
tillë,tip
tillë,TIP
tillë,Tip
tillë,point; [within compounds] finger
tillë,POINT; [WITHIN COMPOUNDS] FINGER
tillë,Point; [within compounds] finger
tillë,toe
tillë,TOE
tillë,Toe
tilma,point
tilma,POINT
tilma,Point
tin-,to spark
tin-,TO SPARK
tin-,To spark
tin-,glitter
tin-,GLITTER
tin-,Glitter
tinco,metal
tinco,METAL
tinco,Metal
tincotéma,t-series
tincotéma,T-SERIES
tincotéma,T-series
tindómë,(starry) twilight
tindómë,(STARRY) TWILIGHT
tindómë,(usually) time near dawn
tindómë,(USUALLY) TIME NEAR DAWN
tinga-,to go (for a long while)
tinga-,TO GO (FOR A LONG WHILE)
tinga-,To go (for a long while)
tinta-,to kindle
tinta-,TO KINDLE
tinta-,To kindle
tinta-,cause to spark
tinta-,CAUSE TO SPARK
tinta-,Cause to spark
tintila-,to twinkle
tintila-,TO TWINKLE
tintila-,To twinkle
tintila-,sparkle
tintila-,SPARKLE
tintila-,Sparkle
tintila-,glitter
tintila-,GLITTER
tintila-,Glitter
tintila-,give tremulous light
tintila-,GIVE TREMULOUS LIGHT
tintila-,Give tremulous light
tintila-,†tremble
tintila-,†TREMBLE
tinwë,spark
tinwë,SPARK
tinwë,Spark
tinwë,[apparent] star
tinwë,[APPARENT] STAR
tir-,to watch (over)
tir-,TO WATCH (OVER)
tir-,To watch (over)
tir-,guard
tir-,GUARD
tir-,Guard
tir-,heed; to look (at)
tir-,HEED; TO LOOK (AT)
tir-,Heed; to look (at)
tir-,gaze
tir-,GAZE
tir-,Gaze
tir-,observe
tir-,OBSERVE
tir-,Observe
tirila,watching (something)
tirila,WATCHING (SOMETHING)
tirila,Watching (something)
tírima,able to be watched
tírima,ABLE TO BE WATCHED
tírima,Able to be watched
tírima,observable
tírima,OBSERVABLE
tírima,Observable
tirion,watch-tower
tirion,WATCH-TOWER
tirion,Watch-tower
tirítë,watchful
tirítë,WATCHFUL
tirítë,Watchful
tirítë,vigilant
tirítë,VIGILANT
tirítë,Vigilant
tirmo,watcher
tirmo,WATCHER
tirmo,Watcher
töa,wood (as material)
töa,WOOD (AS MATERIAL)
töa,Wood (as material)
toina,wood
toina,WOOD
toina,Wood
tolbo,big toe; stump
tolbo,BIG TOE; STUMP
tolbo,Big toe; stump
tolbo,stub; thumb
tolbo,STUB; THUMB
tolbo,Stub; thumb
taltol,big toe
taltol,BIG TOE
taltol,Big toe
tollë¹,island
tollë¹,ISLAND
tollë¹,Island
tollë¹,(steep) isle
tollë¹,(STEEP) ISLE
tol,island
tol,ISLAND
tol,Island
tol,(steep) isle
tol,(STEEP) ISLE
tolma,protuberance contrived to serve a purpose
tolma,PROTUBERANCE CONTRIVED TO SERVE A PURPOSE
tolma,Protuberance contrived to serve a purpose
tolma,knob
tolma,KNOB
tolma,Knob
tolma,short rounded handle
tolma,SHORT ROUNDED HANDLE
tolma,Short rounded handle
tolya,prominent
tolya,PROMINENT
tolya,Prominent
tolyo,sticker-up
tolyo,STICKER-UP
tolyo,Sticker-up
tollo,sticker-up
tollo,STICKER-UP
tollo,Sticker-up
torna,hard
torna,HARD
torna,Hard
tuilë,spring
tuilë,SPRING
tuilë,Spring
tuilérë,*spring-day
tuilérë,*SPRING-DAY
tul-,to come
tul-,TO COME
tul-,To come
tulta-,to send (from point of view of receiver)
tulta-,TO SEND (FROM POINT OF VIEW OF RECEIVER)
tulta-,To send (from point of view of receiver)
tultaima,*fetchable
tultaima,*FETCHABLE
tultaima,summonable
tultaima,SUMMONABLE
tultaima,Summonable
tulusta,advent
tulusta,ADVENT
tulusta,Advent
tulusta,arrival
tulusta,ARRIVAL
tulusta,Arrival
tulya-,*to lead; to fetch
tulya-,*TO LEAD; TO FETCH
tulyandë,fetching
tulyandë,FETCHING
tulyandë,Fetching
tumba,deep valley
tumba,DEEP VALLEY
tumba,Deep valley
tumbalë,depth
tumbalë,DEPTH
tumbalë,Depth
tumbalë,deep valley
tumbalë,DEEP VALLEY
tumbalë,Deep valley
tumbo,deep vale
tumbo,DEEP VALE
tumbo,Deep vale
tumbo,valley
tumbo,VALLEY
tumbo,Valley
tup-,to cover
tup-,TO COVER
tup-,To cover
tur-,to master
tur-,TO MASTER
tur-,To master
tur-,conquer
tur-,CONQUER
tur-,Conquer
tur-,dominate
tur-,DOMINATE
tur-,Dominate
tur-,win
tur-,WIN
tur-,Win
túra,big
túra,BIG
túra,Big
túra,great
túra,GREAT
túra,Great
turca,strong
turca,STRONG
turca,Strong
turca,powerful (in body)
turca,POWERFUL (IN BODY)
turca,Powerful (in body)
turco¹,chief
turco¹,CHIEF
turco¹,Chief
turco²,*stronghold
turco²,*STRONGHOLD
túrë,*might
túrë,*MIGHT
túrë,mastery
túrë,MASTERY
túrë,Mastery
túrëa,mighty
túrëa,MIGHTY
túrëa,Mighty
túrëa,masterful
túrëa,MASTERFUL
túrëa,Masterful
túrin,lord
túrin,LORD
túrin,Lord
turindo,purposeful mind
turindo,PURPOSEFUL MIND
turindo,Purposeful mind
turindo,strong will
turindo,STRONG WILL
turindo,Strong will
turindura,done necessarily
turindura,DONE NECESSARILY
turindura,Done necessarily
turmen,realm
turmen,REALM
turmen,Realm
turu-,to master
turu-,TO MASTER
turu-,To master
turu-,defeat
turu-,DEFEAT
turu-,Defeat
turu-,have victory over
turu-,HAVE VICTORY OVER
turu-,Have victory over
turúna,mastered
turúna,MASTERED
turúna,Mastered
turya-,*to strengthen
turya-,*TO STRENGTHEN
turyandë,fortification
turyandë,FORTIFICATION
turyandë,Fortification
tutulla-,to keep on coming (and going)
tutulla-,TO KEEP ON COMING (AND GOING)
tutulla-,To keep on coming (and going)
tuv-,to find
tuv-,TO FIND
tuv-,To find
tuv-,discover
tuv-,DISCOVER
tuv-,Discover
túvima,discoverable
túvima,DISCOVERABLE
túvima,Discoverable
tyal-,to play
tyal-,TO PLAY
tyal-,To play
tyalië,mirth
tyalië,MIRTH
tyalië,Mirth
tyar-,to cause
tyar-,TO CAUSE
tyar-,To cause
tyav-,to taste
tyav-,TO TASTE
tyav-,To taste
tyávë,*taste
tyávë,*TASTE
tyelca,hasty
tyelca,HASTY
tyelca,Hasty
tyellë,grade
tyellë,GRADE
tyellë,Grade
tyellë,order
tyellë,ORDER
tyellë,Order
tyellë,step (in a stairway
tyellë,STEP (IN A STAIRWAY
tyellë,Step (in a stairway
tyellë,ladder)
tyellë,LADDER)
tyellë,Ladder)
tyelpetéma,palatal series
tyelpetéma,PALATAL SERIES
tyelpetéma,Palatal series
tyulma,mast
tyulma,MAST
tyulma,Mast
þolon,helmet
þolon,HELMET
þolon,Helmet
úcalima,dim
úcalima,DIM
úcalima,Dim
úcalima,murky
úcalima,MURKY
úcalima,Murky
úcar-,*to trespass
úcar-,*TO TRESPASS
úcar-,do wrong
úcar-,DO WRONG
úcar-,Do wrong
úcar-,sin
úcar-,SIN
úcar-,Sin
naiqua-,*to sin
naiqua-,*TO SIN
úcarë,*sin
úcarë,*SIN
úcarë,debt
úcarë,DEBT
úcarë,Debt
úcarë,trespass
úcarë,TRESPASS
úcarë,Trespass
úcárima,hard to do
úcárima,HARD TO DO
úcárima,Hard to do
úcárima,difficult
úcárima,DIFFICULT
úcárima,Difficult
úcarindo,*sinner
úcarindo,*SINNER
naico,*sinner
naico,*SINNER
naicando,*sinner
naicando,*SINNER
ulcarindo,*sinner
ulcarindo,*SINNER
úcarnë,not red
úcarnë,NOT RED
úcarnë,Not red
úfantima,not concealable
úfantima,NOT CONCEALABLE
úfantima,Not concealable
úfantuma,not concealable
úfantuma,NOT CONCEALABLE
úfantuma,Not concealable
úfanwëa,not veiled
úfanwëa,NOT VEILED
úfanwëa,Not veiled
úfanwëa,unveiled
úfanwëa,UNVEILED
úfanwëa,Unveiled
uhta-,to dislike
uhta-,TO DISLIKE
uhta-,To dislike
uhta-,feel disgust with
uhta-,FEEL DISGUST WITH
uhta-,Feel disgust with
uhta-,avoid as painful
uhta-,AVOID AS PAINFUL
uhta-,Avoid as painful
uhta-,nasty
uhta-,NASTY
uhta-,Nasty
ui-,to not be
ui-,TO NOT BE
ui-,To not be
ui-,to not do
ui-,TO NOT DO
ui-,To not do
ua-,to not be
ua-,TO NOT BE
ua-,To not be
ua-,to not do
ua-,TO NOT DO
ua-,To not do
ul-,to rain
ul-,TO RAIN
ul-,To rain
ulca,evil; dark
ulca,EVIL; DARK
ulca,Evil; dark
ulca,gloomy
ulca,GLOOMY
ulca,Gloomy
ulca,sinister
ulca,SINISTER
ulca,Sinister
ulco,evil
ulco,EVIL
ulco,Evil
ulo,rain
ulo,RAIN
ulo,Rain
úlumë,ever
úlumë,EVER
úlumë,Ever
úlumë,at all times (in a series
úlumë,AT ALL TIMES (IN A SERIES
úlumë,At all times (in a series
úlumë,period)
úlumë,PERIOD)
úlumë,Period)
úma-,to teem
úma-,TO TEEM
úma-,To teem
úmaitë,clumsy(-handed)
úmaitë,CLUMSY(-HANDED)
úmaitë,Clumsy(-handed)
úmaitë,unskilled
úmaitë,UNSKILLED
úmaitë,Unskilled
úmara,bad
úmara,BAD
úmara,Bad
úmara,ill-used
úmara,ILL-USED
úmara,Ill-used
úmara,evil
úmara,EVIL
úmara,Evil
úmara,sinister
úmara,SINISTER
úmara,Sinister
úmárë,not good = evil
úmárë,NOT GOOD = EVIL
úmárë,Not good = evil
umba,swarm
umba,SWARM
umba,Swarm
umbar,fate
umbar,FATE
umbar,Fate
umbar,doom
umbar,DOOM
umbar,Doom
umbar,curse
umbar,CURSE
umbar,Curse
ambar,fate
ambar,FATE
ambar,Fate
ambar,doom
ambar,DOOM
ambar,Doom
umbë,imminence
umbë,IMMINENCE
umbë,Imminence
umbë,threat; premonition
umbë,THREAT; PREMONITION
umbë,Threat; premonition
umbë,fear
umbë,FEAR
umbë,Fear
umbë,unwelcome expectation
umbë,UNWELCOME EXPECTATION
umbë,Unwelcome expectation
umbo(n),hill
umbo(n),HILL
umbo(n),Hill
umbo(n),lump
umbo(n),LUMP
umbo(n),Lump
umbo(n),clump
umbo(n),CLUMP
umbo(n),Clump
umbo(n),mass
umbo(n),MASS
umbo(n),Mass
úmë,great collection
úmë,GREAT COLLECTION
úmë,Great collection
úmë,crowd of things of the same sort
úmë,CROWD OF THINGS OF THE SAME SORT
úmë,Crowd of things of the same sort
úmë,throng
úmë,THRONG
úmë,Throng
úmëa,abundant
úmëa,ABUNDANT
úmëa,Abundant
úmëa,swarming
úmëa,SWARMING
úmëa,Swarming
úmëa,teeming
úmëa,TEEMING
úmëa,Teeming
úna¹,deprived of
úna¹,DEPRIVED OF
úna¹,Deprived of
úna¹,destitute
úna¹,DESTITUTE
úna¹,Destitute
úna¹,forlorn
úna¹,FORLORN
úna¹,Forlorn
únat,thing impossible to be
únat,THING IMPOSSIBLE TO BE
únat,Thing impossible to be
únat,to be done
únat,TO BE DONE
únat,To be done
undómë,twilight
undómë,TWILIGHT
undómë,Twilight
undómë,time near evening
undómë,TIME NEAR EVENING
undómë,Time near evening
undu,down
undu,DOWN
undu,Down
undu,under
undu,UNDER
undu,Under
undulav-,to drown
undulav-,TO DROWN
undulav-,To drown
undulav-,swallow
undulav-,SWALLOW
undulav-,Swallow
undulav-,submerge
undulav-,SUBMERGE
undulav-,Submerge
undulav-,(lit.) lick down
undulav-,(LIT.) LICK DOWN
undumë,abyss
undumë,ABYSS
undumë,Abyss
únehta,*atom
únehta,*ATOM
ungwë,spider’s web
ungwë,SPIDER’S WEB
ungwë,Spider’s web
únotë(a),not counted
únotë(a),NOT COUNTED
únotë(a),Not counted
únotë(a),uncounted
únotë(a),UNCOUNTED
únotë(a),Uncounted
aunotë(a),not counted
aunotë(a),NOT COUNTED
aunotë(a),Not counted
aunotë(a),uncounted
aunotë(a),UNCOUNTED
aunotë(a),Uncounted
únótima,numberless
únótima,NUMBERLESS
únótima,Numberless
únótima,innumerable
únótima,INNUMERABLE
únótima,Innumerable
únótima,countless
únótima,COUNTLESS
únótima,Countless
únótima,difficult/impossible to count
únótima,DIFFICULT/IMPOSSIBLE TO COUNT
únótima,Difficult/impossible to count
urnótima,*difficult to count
urnótima,*DIFFICULT TO COUNT
urunóte,*difficult to count
urunóte,*DIFFICULT TO COUNT
unqualë,death agony
unqualë,DEATH AGONY
unqualë,Death agony
anqualë,*death agony
anqualë,*DEATH AGONY
unquë,a hollow
unquë,A HOLLOW
unquë,A hollow
untup-,to cover (over
untup-,TO COVER (OVER
untup-,To cover (over
untup-,up)
untup-,UP)
untup-,Up)
untup-,lie as a covering upon
untup-,LIE AS A COVERING UPON
untup-,Lie as a covering upon
untup-,(lit.) to cover down
untup-,(LIT.) TO COVER DOWN
únyárima,impossible to recount
únyárima,IMPOSSIBLE TO RECOUNT
únyárima,Impossible to recount
uo,together
uo,TOGETHER
uo,Together
úpa,dumb [unable to speak]
úpa,DUMB [UNABLE TO SPEAK]
úpa,Dumb [unable to speak]
úpahtëa,speechless
úpahtëa,SPEECHLESS
úpahtëa,Speechless
úquétima,unspeakable
úquétima,UNSPEAKABLE
úquétima,Unspeakable
úquétima,impossible to say
úquétima,IMPOSSIBLE TO SAY
úquétima,Impossible to say
úquétima,put into words
úquétima,PUT INTO WORDS
úquétima,Put into words
úquétima,unpronounceable
úquétima,UNPRONOUNCEABLE
úquétima,Unpronounceable
úra¹,nasty
úra¹,NASTY
úra¹,Nasty
úra²,torrid
úra²,TORRID
úra²,Torrid
úra²,sultry
úra²,SULTRY
úra²,Sultry
úra²,unpleasantly hot
úra²,UNPLEASANTLY HOT
úra²,Unpleasantly hot
urco,bogey
urco,BOGEY
urco,Bogey
urco,orc
urco,ORC
urco,Orc
urda,hard
urda,HARD
urda,Hard
urda,difficult
urda,DIFFICULT
urda,Difficult
urda,arduous
urda,ARDUOUS
urda,Arduous
úrë,heat
úrë,HEAT
úrë,Heat
úr,heat
úr,HEAT
úr,Heat
Úrimë,August
Úrimë,august
Úrimë,AUGUST
Úrimë,*Hot-one
Úrimë,*hot-one
Úrimë,*HOT-ONE
Úrimë,*hot-one
úro,*evil
úro,*EVIL
úro,nastiness
úro,NASTINESS
úro,Nastiness
urra,bad
urra,BAD
urra,Bad
ursa,rage
ursa,RAGE
ursa,Rage
ursa-,to rage
ursa-,TO RAGE
ursa-,To rage
urucárima,hard to make / do
urucárima,HARD TO MAKE / DO
urucárima,Hard to make / do
urcarne,hard to make / do
urcarne,HARD TO MAKE / DO
urcarne,Hard to make / do
urucarin,made with difficulty
urucarin,MADE WITH DIFFICULTY
urucarin,Made with difficulty
urulócë,fire-serpent
urulócë,FIRE-SERPENT
urulócë,Fire-serpent
urulócë,fire-drake
urulócë,FIRE-DRAKE
urulócë,Fire-drake
urus,copper
urus,COPPER
urus,Copper
urya-,to be hot
urya-,TO BE HOT
urya-,To be hot
úsahtië,inducement to do wrong
úsahtië,INDUCEMENT TO DO WRONG
úsahtië,Inducement to do wrong
úsahtië,*temptation
úsahtië,*TEMPTATION
insangarë,*temptation
insangarë,*TEMPTATION
terpellië,*temptation
terpellië,*TEMPTATION
terfantië,*temptation
terfantië,*TEMPTATION
usquë,dusk
usquë,DUSK
usquë,Dusk
usquë,dim light
usquë,DIM LIGHT
usquë,Dim light
uv-,*to be going to
uv-,*TO BE GOING TO
úva-,to impend
úva-,TO IMPEND
úva-,To impend
úva-,be imminent
úva-,BE IMMINENT
úva-,Be imminent
úva-,draw near [usually negative in sense]
úva-,DRAW NEAR [USUALLY NEGATIVE IN SENSE]
úva-,Draw near [usually negative in sense]
úvana,marred
úvana,MARRED
úvana,Marred
úvanë(a),without beauty
úvanë(a),WITHOUT BEAUTY
úvanë(a),Without beauty
auvanëa,without beauty
auvanëa,WITHOUT BEAUTY
auvanëa,Without beauty
úvanima,not fair
úvanima,NOT FAIR
úvanima,Not fair
úvanima,ugly; hard to call beautiful
úvanima,UGLY; HARD TO CALL BEAUTIFUL
úvanima,Ugly; hard to call beautiful
úvanima,hideous
úvanima,HIDEOUS
úvanima,Hideous
úvanimo,monster
úvanimo,MONSTER
úvanimo,Monster
úvanimo,corrupt
úvanimo,CORRUPT
úvanimo,Corrupt
úvanimo,evil creature
úvanimo,EVIL CREATURE
úvanimo,Evil creature
úvano,monster
úvano,MONSTER
úvano,Monster
úvano,corrupt
úvano,CORRUPT
úvano,Corrupt
úvano,evil creature
úvano,EVIL CREATURE
úvano,Evil creature
úvië,pondering
úvië,PONDERING
úvië,Pondering
úvië,consideration
úvië,CONSIDERATION
úvië,Consideration
uxarë,doing wrong
uxarë,DOING WRONG
uxarë,Doing wrong
uscarë,doing wrong
uscarë,DOING WRONG
uscarë,Doing wrong
vailë,wind
vailë,WIND
vailë,Wind
vaiwë,wind
vaiwë,WIND
vaiwë,Wind
váva,*wind
váva,*WIND
vëa²,wind
vëa²,WIND
vëa²,Wind
vailima,windy
vailima,WINDY
vailima,Windy
vaina,blonde
vaina,BLONDE
vaina,Blonde
vaina,fair of hair
vaina,FAIR OF HAIR
vaina,Fair of hair
vaire,?wavy
vaire,?WAVY
Vala,(Angelic) Power
Vala,(angelic) power
Vala,(ANGELIC) POWER
Vala,(angelic) power
Vala,‘God’
Vala,‘god’
Vala,‘GOD’
Vala,‘god’
Vala,Authority
Vala,authority
Vala,AUTHORITY
vala-,to have [divine] power
vala-,TO HAVE [DIVINE] POWER
vala-,To have [divine] power
Valanya,*Friday
Valanya,*friday
Valanya,*FRIDAY
Valanya,*friday
Valanya,Vala-day
Valanya,vala-day
Valanya,VALA-DAY
valca,fierce
valca,FIERCE
valca,Fierce
valca,ferocious
valca,FEROCIOUS
valca,Ferocious
valda,excited
valda,EXCITED
valda,Excited
valda,wild
valda,WILD
valda,Wild
Valië,Female Vala
Valië,female vala
Valië,FEMALE VALA
Valië,Female vala
valmë,excitement
valmë,EXCITEMENT
valmë,Excitement
valmë,emotion
valmë,EMOTION
valmë,Emotion
walmë,excitement
walmë,EXCITEMENT
walmë,Excitement
walmë,emotion
walmë,EMOTION
walmë,Emotion
valta-,to excite
valta-,TO EXCITE
valta-,To excite
valta-,rouse
valta-,ROUSE
valta-,Rouse
valta-,stir up
valta-,STIR UP
valta-,Stir up
walta-,to excite
walta-,TO EXCITE
walta-,To excite
walta-,rouse
walta-,ROUSE
walta-,Rouse
walta-,stir up
walta-,STIR UP
walta-,Stir up
valut-,to flow away
valut-,TO FLOW AWAY
valut-,To flow away
valwistë,change of mind
valwistë,CHANGE OF MIND
valwistë,Change of mind
walwistë,change of mind
walwistë,CHANGE OF MIND
walwistë,Change of mind
valya-,to be excited (moved)
valya-,TO BE EXCITED (MOVED)
valya-,To be excited (moved)
walya-,to be excited (moved)
walya-,TO BE EXCITED (MOVED)
walya-,To be excited (moved)
vanda,oath
vanda,OATH
vanda,Oath
vanda,pledge
vanda,PLEDGE
vanda,Pledge
vanda,solemn promise
vanda,SOLEMN PROMISE
vanda,Solemn promise
vanë,fair
vanë,FAIR
vanë,Fair
vanessë,beauty
vanessë,BEAUTY
vanessë,Beauty
vangwë,storm; blow
vangwë,STORM; BLOW
vangwë,Storm; blow
vanië,beauty
vanië,BEAUTY
vanië,Beauty
vanima¹,beautiful
vanima¹,BEAUTIFUL
vanima¹,Beautiful
vanima¹,fair
vanima¹,FAIR
vanima¹,Fair
vanima²,beautiful one
vanima²,BEAUTIFUL ONE
vanima²,Beautiful one
vanima²,fair one
vanima²,FAIR ONE
vanima²,Fair one
vanimelda,beautiful and beloved
vanimelda,BEAUTIFUL AND BELOVED
vanimelda,Beautiful and beloved
vanimelda,elven-fair
vanimelda,ELVEN-FAIR
vanimelda,Elven-fair
vanimalda,most beautiful
vanimalda,MOST BEAUTIFUL
vanimalda,Most beautiful
vanimalda,exceeding fair; thou beautiful
vanimalda,EXCEEDING FAIR; THOU BEAUTIFUL
vanimalda,Exceeding fair; thou beautiful
vanwa,gone
vanwa,GONE
vanwa,Gone
vanwa,lost
vanwa,LOST
vanwa,Lost
vanwa,departed
vanwa,DEPARTED
vanwa,Departed
vanwa,vanished
vanwa,VANISHED
vanwa,Vanished
vanwa,past
vanwa,PAST
vanwa,Past
vanwa,over
vanwa,OVER
vanwa,Over
vanwa,no longer to be had
vanwa,NO LONGER TO BE HAD
vanwa,No longer to be had
vanwa,passed away
vanwa,PASSED AWAY
vanwa,Passed away
vanwa,dead
vanwa,DEAD
vanwa,Dead
vanya,fair
vanya,FAIR
vanya,Fair
vanya,beautiful
vanya,BEAUTIFUL
vanya,Beautiful
vanya,unmarred; fair-haired (yellow to golden)
vanya,UNMARRED; FAIR-HAIRED (YELLOW TO GOLDEN)
vanya,Unmarred; fair-haired (yellow to golden)
vana,fair-haired (yellow to golden)
vana,FAIR-HAIRED (YELLOW TO GOLDEN)
vana,Fair-haired (yellow to golden)
vanya-,to pass
vanya-,TO PASS
vanya-,To pass
váquet-,to refuse
váquet-,TO REFUSE
váquet-,To refuse
váquet-,forbid
váquet-,FORBID
váquet-,Forbid
váquet-,prohibit; (lit.) to say no
váquet-,PROHIBIT; (LIT.) TO SAY NO
váquet-,Prohibit; (lit.) to say no
váquet-,to say ‘I will not
váquet-,to say ‘i will not
váquet-,TO SAY ‘I WILL NOT
váquet-,To say ‘i will not
váquet-,do not’
váquet-,DO NOT’
váquet-,Do not’
varanda,sublime
varanda,SUBLIME
varanda,Sublime
vardarianna,fragrant evergreen tree
vardarianna,FRAGRANT EVERGREEN TREE
vardarianna,Fragrant evergreen tree
varnë,russet
varnë,RUSSET
varnë,Russet
varnë,brown
varnë,BROWN
varnë,Brown
vasar,veil
vasar,VEIL
vasar,Veil
vasarya-,to veil
vasarya-,TO VEIL
vasarya-,To veil
váya,ocean
váya,OCEAN
váya,Ocean
váya,sea
váya,SEA
váya,Sea
waya,ocean
waya,OCEAN
waya,Ocean
váya-,to blow
váya-,TO BLOW
váya-,To blow
vëa¹,seeming
vëa¹,SEEMING
vëa¹,Seeming
vëa¹,apparent
vëa¹,APPARENT
vëa¹,Apparent
vecca,active
vecca,ACTIVE
vecca,Active
vehtë,[a span of] life; habitat
vehtë,[A SPAN OF] LIFE; HABITAT
vehtë,haunt
vehtë,HAUNT
vehtë,Haunt
vehtequentalë,biography
vehtequentalë,BIOGRAPHY
vehtequentalë,Biography
véla,*alike
véla,*ALIKE
véla,having a likeness
véla,HAVING A LIKENESS
véla,Having a likeness
véla,similarity
véla,SIMILARITY
véla,Similarity
velca,large
velca,LARGE
velca,Large
velca,great
velca,GREAT
velca,Great
velca,big
velca,BIG
velca,Big
vendë,maiden
vendë,MAIDEN
vendë,Maiden
vendë,*virgin
vendë,*VIRGIN
wendë,maiden
wendë,MAIDEN
wendë,Maiden
vendelë,maidenhood
vendelë,MAIDENHOOD
vendelë,Maidenhood
wendelë,maidenhood
wendelë,MAIDENHOOD
wendelë,Maidenhood
vénë,*virgin
vénë,*VIRGIN
vénëa,*virginal
vénëa,*VIRGINAL
vëo,living creature
vëo,LIVING CREATURE
vëo,Living creature
véra,personal
véra,PERSONAL
véra,Personal
véra,private
véra,PRIVATE
véra,Private
véra,own
véra,OWN
véra,Own
veri,wife
veri,WIFE
veri,Wife
verta-,to give in marriage (a) to (b)
verta-,TO GIVE IN MARRIAGE (A) TO (B)
verta-,To give in marriage (a) to (b)
verta-,take as husband
verta-,TAKE AS HUSBAND
verta-,Take as husband
verta-,wife (to oneself)
verta-,WIFE (TO ONESELF)
verta-,Wife (to oneself)
veru,husband
veru,HUSBAND
veru,Husband
verya-,to marry (of husband and wife)
verya-,TO MARRY (OF HUSBAND AND WIFE)
verya-,To marry (of husband and wife)
verya-,be joined to
verya-,BE JOINED TO
verya-,Be joined to
veryanwë,wedding
veryanwë,WEDDING
veryanwë,Wedding
vilva,fluttering to and fro
vilva,FLUTTERING TO AND FRO
vilva,Fluttering to and fro
wilwa,fluttering to and fro
wilwa,FLUTTERING TO AND FRO
wilwa,Fluttering to and fro
vilvarin,butterfly
vilvarin,BUTTERFLY
vilvarin,Butterfly
wilwarin,butterfly
wilwarin,BUTTERFLY
wilwarin,Butterfly
vilvarindëa,like a butterfly
vilvarindëa,LIKE A BUTTERFLY
vilvarindëa,Like a butterfly
wilwarindëa,like a butterfly
wilwarindëa,LIKE A BUTTERFLY
wilwarindëa,Like a butterfly
vilya,air
vilya,AIR
vilya,Air
vilya,sky
vilya,SKY
vilya,Sky
wilya,air
wilya,AIR
wilya,Air
wilya,sky
wilya,SKY
wilya,Sky
vínë,youth
vínë,YOUTH
vínë,Youth
vingë,foam
vingë,FOAM
vingë,Foam
vingë,spindrift
vingë,SPINDRIFT
vingë,Spindrift
vingë,spray
vingë,SPRAY
vingë,Spray
wing(a),foam
wing(a),FOAM
wing(a),Foam
wing(a),spray
wing(a),SPRAY
wing(a),Spray
wingë,foam
wingë,FOAM
wingë,Foam
wingë,spindrift
wingë,SPINDRIFT
wingë,Spindrift
wingë,spray
wingë,SPRAY
wingë,Spray
vingil,*nymph
vingil,*NYMPH
vingil,mermaid
vingil,MERMAID
vingil,Mermaid
vingil,foam-maid
vingil,FOAM-MAID
vingil,Foam-maid
wingil,*nymph
wingil,*NYMPH
wingil,mermaid
wingil,MERMAID
wingil,Mermaid
wingil,foam-maid
wingil,FOAM-MAID
wingil,Foam-maid
winima,childish
winima,CHILDISH
winima,Childish
vinimetta,end of youth
vinimetta,END OF YOUTH
vinimetta,End of youth
vinimo,baby
vinimo,BABY
vinimo,Baby
vinimo,little-one
vinimo,LITTLE-ONE
vinimo,Little-one
win(i)cë,baby
win(i)cë,BABY
win(i)cë,Baby
win(i)cë,little-one
win(i)cë,LITTLE-ONE
win(i)cë,Little-one
winimo,baby
winimo,BABY
winimo,Baby
winimo,little-one
winimo,LITTLE-ONE
winimo,Little-one
vinta-,to scatter
vinta-,TO SCATTER
vinta-,To scatter
vinta-,blow about
vinta-,BLOW ABOUT
vinta-,Blow about
winta-,to scatter
winta-,TO SCATTER
winta-,To scatter
winta-,blow about
winta-,BLOW ABOUT
winta-,Blow about
vinya,young
vinya,YOUNG
vinya,Young
vinya,new
vinya,NEW
vinya,New
vinyamo,youngster
vinyamo,YOUNGSTER
vinyamo,Youngster
winyamo,youngster
winyamo,YOUNGSTER
winyamo,Youngster
vinyarë,youth
vinyarë,YOUTH
vinyarë,Youth
Víressë,April
Víressë,april
Víressë,APRIL
Víressë,*Freshness
Víressë,*freshness
Víressë,*FRESHNESS
Víressë,*freshness
virya-,to change
virya-,TO CHANGE
virya-,To change
virya-,alternate
virya-,ALTERNATE
virya-,Alternate
vista-,to change (transitive)
vista-,TO CHANGE (TRANSITIVE)
vista-,To change (transitive)
vistë,change
vistë,CHANGE
vistë,Change
wistë,change
wistë,CHANGE
wistë,Change
vorë,*always
vorë,*ALWAYS
vórima,faithful
vórima,FAITHFUL
vórima,Faithful
voronda,faithful
voronda,FAITHFUL
voronda,Faithful
voronda,steadfast (in allegiance
voronda,STEADFAST (IN ALLEGIANCE
voronda,Steadfast (in allegiance
voronda,in keeping oath
voronda,IN KEEPING OATH
voronda,In keeping oath
voronda,promise)
voronda,PROMISE)
voronda,Promise)
voronwë,steadfastness
voronwë,STEADFASTNESS
voronwë,Steadfastness
voronwë,loyalty
voronwë,LOYALTY
voronwë,Loyalty
voronwë,faith(fulness)
voronwë,FAITH(FULNESS)
voronwë,Faith(fulness)
wenya,fair
wenya,FAIR
wenya,Fair
wenya,beautiful
wenya,BEAUTIFUL
wenya,Beautiful
were-,to weave
were-,TO WEAVE
were-,To weave
winë,baby
winë,BABY
winë,Baby
winë,little-one
winë,LITTLE-ONE
winë,Little-one
winë,child not yet full grown
winë,CHILD NOT YET FULL GROWN
winë,Child not yet full grown
hinyë,baby
hinyë,BABY
hinyë,Baby
hintil,baby (finger)
hintil,BABY (FINGER)
hintil,Baby (finger)
wirnë,change
wirnë,CHANGE
wirnë,Change
xiétë,passing
xiétë,PASSING
xiétë,Passing
xiétë,impermanent
xiétë,IMPERMANENT
xiétë,Impermanent
yaimë,wailing
yaimë,WAILING
yaimë,Wailing
yaimëa,wailing
yaimëa,WAILING
yaimëa,Wailing
yal-,to summon
yal-,TO SUMMON
yal-,To summon
yána,wide
yána,WIDE
yána,Wide
yána,vast
yána,VAST
yána,Vast
yána,huge
yána,HUGE
yána,Huge
yanda,wide
yanda,WIDE
yanda,Wide
yonda²,wide
yonda²,WIDE
yonda²,Wide
yonda²,roomy
yonda²,ROOMY
yonda²,Roomy
yonda²,extensive
yonda²,EXTENSIVE
yonda²,Extensive
yanta,bridge
yanta,BRIDGE
yanta,Bridge
yanwë,joining
yanwë,JOINING
yanwë,Joining
yára,old
yára,OLD
yára,Old
yára,ancient
yára,ANCIENT
yára,Ancient
yárië,age
yárië,AGE
yárië,Age
yarra-,to growl
yarra-,TO GROWL
yarra-,To growl
yarra-,snarl
yarra-,SNARL
yarra-,Snarl
yavannamírë,Jewel of Yavanna
yavannamírë,jewel of yavanna
yavannamírë,JEWEL OF YAVANNA
yavannamírë,Jewel of yavanna
Yavannië,September
Yavannië,september
Yavannië,SEPTEMBER
Yavannië,*Yavanna-ness
Yavannië,*yavanna-ness
Yavannië,*YAVANNA-NESS
Yavannië,*yavanna-ness
yávë,fruit
yávë,FRUIT
yávë,Fruit
yáva,*fruit
yáva,*FRUIT
yávië,autumn
yávië,AUTUMN
yávië,Autumn
yávië,harvest [time
yávië,HARVEST [TIME
yávië,Harvest [time
yávië,act]
yávië,ACT]
yávië,Act]
yáviérë,*autumn-day
yáviérë,*AUTUMN-DAY
yeldë,daughter
yeldë,DAUGHTER
yeldë,Daughter
yén,Elvish long year (144 solar years)
yén,elvish long year (144 solar years)
yén,ELVISH LONG YEAR (144 SOLAR YEARS)
yénië,annals
yénië,ANNALS
yénië,Annals
yermë,sexual desire (for marriage and procreation)
yermë,SEXUAL DESIRE (FOR MARRIAGE AND PROCREATION)
yermë,Sexual desire (for marriage and procreation)
yesta,beginning
yesta,BEGINNING
yesta,Beginning
yomenië,meeting
yomenië,MEETING
yomenië,Meeting
yomenië,gathering
yomenië,GATHERING
yomenië,Gathering
yonda¹,enclosed
yonda¹,ENCLOSED
yonda¹,Enclosed
yonna,enclosed
yonna,ENCLOSED
yonna,Enclosed
yondë,region
yondë,REGION
yondë,Region
yondë,any fairly extensive region with well-marked natural bounds
yondë,ANY FAIRLY EXTENSIVE REGION WITH WELL-MARKED NATURAL BOUNDS
yondë,Any fairly extensive region with well-marked natural bounds
yón,region
yón,REGION
yón,Region
yondo,son
yondo,SON
yondo,Son
yondo,boy
yondo,BOY
yondo,Boy
yontil,boy
yontil,BOY
yontil,Boy
yontil,son [finger name]
yontil,SON [FINGER NAME]
yontil,Son [finger name]
yonwa,fence
yonwa,FENCE
yonwa,Fence
yonwa,border
yonwa,BORDER
yonwa,Border
yonwa,boundary
yonwa,BOUNDARY
yonwa,Boundary
yonyo,(big) boy
yonyo,(BIG) BOY
yonyo,son
yonyo,SON
yonyo,Son
yor-,to enclose
yor-,TO ENCLOSE
yor-,To enclose
yor-,set bounds to/about
yor-,SET BOUNDS TO/ABOUT
yor-,Set bounds to/about
yosanwë,(pl.) congruence
yosanwë,(PL.) CONGRUENCE
yul-,to drink
yul-,TO DRINK
yul-,To drink
yulda¹,drink
yulda¹,DRINK
yulda¹,Drink
yulda¹,draught
yulda¹,DRAUGHT
yulda¹,Draught
yulda¹,thing drunk; cup
yulda¹,THING DRUNK; CUP
yulda¹,Thing drunk; cup
yulda²,drunk
yulda²,DRUNK
yulda²,Drunk
yúlima,drinkable
yúlima,DRINKABLE
yúlima,Drinkable
yulma,cup
yulma,CUP
yulma,Cup
yulma,drinking vessel
yulma,DRINKING VESSEL
yulma,Drinking vessel
yulma,drinking implement
yulma,DRINKING IMPLEMENT
yulma,Drinking implement
yulma,goblet
yulma,GOBLET
yulma,Goblet
yulmë,drinking
yulmë,DRINKING
yulmë,Drinking
yulmë,carousal
yulmë,CAROUSAL
yulmë,Carousal
yuluitë,drinking (as a habit)
yuluitë,DRINKING (AS A HABIT)
yuluitë,Drinking (as a habit)
yuluitë,*aquatic
yuluitë,*AQUATIC
yulunefítë,amphibious
yulunefítë,AMPHIBIOUS
yulunefítë,Amphibious
yulunefítë,*(lit.) drinking-breathing
yulunefítë,*(LIT.) DRINKING-BREATHING
yúyal,twilight
yúyal,TWILIGHT
yúyal,Twilight
úyalë,twilight
úyalë,TWILIGHT
úyalë,Twilight
yúyo,both
yúyo,BOTH
yúyo,Both
ezel(la),green
ezel(la),GREEN
ezel(la),Green
